student_id,gender,parental_education,internet_access,extracurricular,study_hours,attendance_pct,previous_exam_marks,assignment_marks,internal_marks,practice_test_score,sleep_hours,commute_minutes,final_exam_marks
S0524,Male,High School,Yes,Yes,7.1,77.2,62.0,65.0,67.0,35.0,6.2,38.0,59.7
S0603,Female,Master,Yes,No,5.9,89.9,75.0,80.0,84.0,92.0,10.0,40.0,86.5
S0527,Female,High School,Yes,No,1.9,94.3,84.0,82.0,84.0,97.0,7.1,23.0,73.0
S0032,Female,High School,Yes,No,6.8,68.4,59.0,78.0,50.0,59.0,8.2,30.0,64.8
S0617,Male,High School,Yes,No,3.5,78.8,77.0,65.0,97.0,52.0,7.3,37.0,65.9
S0586,Female,High School,Yes,No,4.7,99.2,95.0,88.0,77.0,82.0,7.0,35.0,80.2
S0445,Male,High School,No,No,3.8,88.3,67.0,75.0,53.0,43.0,6.6,53.0,52.7
S0733,Female,,Yes,No,5.8,78.4,73.0,80.0,66.0,51.0,8.4,22.0,69.8
S0077,Male,Master,Yes,Yes,2.6,66.8,61.0,59.0,49.0,57.0,8.3,42.0,50.7
S0412,Female,High School,,Yes,0.5,68.2,47.0,54.0,41.0,26.0,8.8,18.0,41.7
S0569,Male,PhD,Yes,Yes,3.7,70.3,74.0,76.0,69.0,65.0,7.8,9.0,70.5
S0071,Female,High School,Yes,Yes,6.2,53.6,62.0,41.0,55.0,44.0,6.7,37.0,56.0
S0676,Male,PhD,Yes,No,7.1,79.4,71.0,79.0,71.0,67.0,7.7,12.0,76.3
S0102,Female,Bachelor,Yes,No,9.6,86.1,86.0,63.0,77.0,64.0,9.1,50.0,90.8
S0895,Female,Master,No,Yes,8.0,100.0,72.0,74.0,75.0,49.0,7.8,18.0,68.7
S0926,Female,Master,Yes,Yes,2.6,96.7,85.0,59.0,76.0,58.0,7.8,32.0,69.9
S0630,Male,Master,Yes,No,1.0,63.2,48.0,51.0,52.0,43.0,5.7,38.0,40.1
S0300,Male,High School,Yes,Yes,5.0,,75.0,69.0,72.0,57.0,4.5,21.0,61.2
S0925,Female,Bachelor,Yes,No,,77.5,56.0,45.0,59.0,58.0,7.8,33.0,59.1
S0425,Male,Bachelor,No,Yes,6.7,73.1,56.0,57.0,46.0,51.0,7.8,30.0,64.3
S0097,Male,Master,Yes,No,4.3,75.3,54.0,66.0,73.0,46.0,5.3,36.0,59.0
S0901,Female,PhD,Yes,No,6.1,83.4,86.0,95.0,61.0,70.0,5.1,35.0,79.9
S0261,Male,High School,Yes,No,5.4,,66.0,64.0,60.0,69.0,6.3,40.0,62.9
S0351,Male,High School,Yes,Yes,7.7,68.0,68.0,70.0,70.0,63.0,7.6,5.0,71.4
S0529,Female,High School,No,No,3.4,92.5,66.0,70.0,56.0,48.0,7.1,32.0,60.3
S0695,Male,Bachelor,Yes,Yes,,62.8,60.0,,61.0,42.0,7.5,31.0,62.6
S0362,Female,Bachelor,No,Yes,6.8,,71.0,71.0,75.0,49.0,,25.0,70.3
S0612,Male,High School,Yes,Yes,5.9,69.1,52.0,79.0,57.0,69.0,8.1,35.0,60.4
S0885,Male,PhD,No,No,6.3,92.1,54.0,68.0,57.0,45.0,6.8,30.0,54.8
S0721,Female,Bachelor,Yes,Yes,4.8,72.3,68.0,68.0,62.0,70.0,8.3,19.0,73.3
S0487,Female,High School,Yes,Yes,4.3,77.3,54.0,67.0,62.0,57.0,8.5,29.0,65.1
S0694,Male,High School,Yes,No,2.2,66.2,42.0,70.0,38.0,27.0,7.1,26.0,44.4
S0679,Male,,Yes,Yes,6.5,75.4,73.0,64.0,66.0,71.0,8.5,61.0,75.5
S0810,Female,Bachelor,Yes,No,6.9,91.3,75.0,60.0,60.0,60.0,6.6,21.0,69.1
S0409,Male,,Yes,No,4.2,57.2,44.0,56.0,52.0,49.0,6.2,26.0,47.0
S0741,Female,High School,Yes,Yes,5.6,68.4,74.0,69.0,71.0,70.0,6.3,5.0,69.3
S0214,Female,Bachelor,Yes,Yes,4.5,87.7,56.0,72.0,64.0,65.0,7.3,14.0,62.1
S0590,Male,Bachelor,Yes,No,4.7,87.2,82.0,95.0,80.0,74.0,8.3,34.0,73.8
S0366,Female,Bachelor,Yes,Yes,6.9,100.0,77.0,73.0,86.0,81.0,6.5,49.0,79.7
S0200,Female,Master,Yes,Yes,1.3,61.2,66.0,79.0,64.0,67.0,7.6,20.0,61.3
S0637,Female,High School,Yes,No,6.6,85.5,48.0,58.0,75.0,51.0,5.8,22.0,61.2
S0629,Male,Bachelor,Yes,Yes,4.2,84.7,55.0,78.0,61.0,56.0,7.5,26.0,63.6
S0829,Female,Master,Yes,No,6.4,77.2,70.0,80.0,68.0,66.0,8.5,24.0,75.1
S0353,Male,High School,No,No,5.2,72.5,70.0,64.0,38.0,51.0,5.0,33.0,52.8
S0330,Female,Bachelor,Yes,No,4.9,99.1,66.0,68.0,71.0,67.0,7.7,45.0,71.0
S0982,Male,High School,Yes,Yes,2.7,63.3,46.0,53.0,47.0,55.0,6.3,15.0,40.0
S0838,Female,High School,No,No,7.6,86.4,92.0,75.0,66.0,69.0,4.3,45.0,75.1
S0245,Male,Bachelor,Yes,No,9.3,86.1,82.0,70.0,79.0,76.0,,29.0,78.3
S0287,Male,Bachelor,Yes,No,4.5,77.2,69.0,83.0,77.0,64.0,7.6,59.0,72.8
S0290,Male,Bachelor,No,No,0.5,80.9,75.0,56.0,51.0,73.0,7.9,12.0,48.4
S0599,Male,Master,Yes,No,1.4,61.4,71.0,73.0,71.0,69.0,8.8,22.0,56.0
S0762,Female,Bachelor,Yes,Yes,6.2,71.2,78.0,79.0,59.0,64.0,5.6,18.0,69.0
S0060,Male,Master,Yes,Yes,9.3,82.6,82.0,62.0,74.0,77.0,7.5,43.0,92.1
S0623,Female,High School,Yes,Yes,3.8,99.2,81.0,77.0,70.0,64.0,8.3,55.0,71.2
S0319,Female,Master,Yes,Yes,2.3,83.8,72.0,64.0,54.0,75.0,7.8,13.0,57.3
S0011,Female,Bachelor,Yes,No,,72.4,75.0,71.0,82.0,57.0,9.1,2.0,64.9
S0238,Male,Bachelor,No,No,8.6,73.4,63.0,78.0,59.0,66.0,9.2,46.0,70.5
S0332,Female,PhD,Yes,No,6.1,77.8,69.0,68.0,78.0,66.0,7.4,22.0,71.3
S0706,Male,High School,No,No,5.0,65.6,50.0,54.0,53.0,44.0,5.3,32.0,42.8
S0087,Male,Bachelor,No,Yes,4.3,90.5,54.0,65.0,60.0,59.0,7.4,39.0,62.3
S0804,Male,Bachelor,Yes,No,4.1,,71.0,71.0,71.0,68.0,6.6,22.0,68.2
S0175,Female,High School,Yes,No,4.4,62.3,43.0,70.0,45.0,57.0,8.0,9.0,52.4
S0313,Female,Bachelor,Yes,No,6.2,94.6,93.0,85.0,68.0,80.0,7.8,35.0,77.9
S0463,Female,High School,Yes,No,2.1,82.7,56.0,54.0,57.0,48.0,9.7,48.0,54.3
S0219,Female,Master,Yes,No,4.4,79.6,52.0,50.0,61.0,66.0,5.0,25.0,58.1
S0031,Female,Bachelor,Yes,No,6.6,89.3,93.0,81.0,82.0,84.0,6.4,47.0,79.5
S0548,Male,,Yes,No,6.4,70.0,69.0,72.0,40.0,53.0,4.5,3.0,56.1
S0665,Male,Bachelor,No,Yes,4.4,88.7,73.0,63.0,52.0,62.0,7.3,51.0,66.0
S0055,Female,High School,Yes,Yes,30.7,84.8,56.0,71.0,70.0,63.0,9.1,9.0,62.3
S0024,Male,Bachelor,Yes,No,6.1,72.7,63.0,66.0,61.0,72.0,6.7,48.0,62.0
S0257,Male,High School,Yes,Yes,2.3,94.5,62.0,78.0,63.0,48.0,6.4,34.0,57.7
S0451,Male,Master,Yes,Yes,5.4,76.1,62.0,78.0,62.0,63.0,8.9,5.0,74.9
S0004,Male,Master,Yes,Yes,9.6,76.3,77.0,66.0,74.0,77.0,4.8,29.0,81.8
S0834,Female,Bachelor,Yes,Yes,2.7,78.6,65.0,68.0,80.0,62.0,6.8,17.0,62.3
S0553,Male,High School,Yes,No,9.0,87.8,59.0,63.0,68.0,65.0,5.8,32.0,70.2
S0639,Female,,No,Yes,7.9,74.2,74.0,87.0,61.0,88.0,8.3,62.0,79.8
S0478,Female,High School,Yes,No,3.1,80.7,54.0,52.0,51.0,41.0,6.8,26.0,47.6
S0957,Male,Bachelor,Yes,No,4.1,64.0,62.0,83.0,55.0,58.0,6.0,36.0,63.8
S0663,Female,Bachelor,Yes,No,4.3,70.8,52.0,66.0,42.0,49.0,5.1,23.0,52.8
S0519,Female,Master,Yes,Yes,7.4,100.0,79.0,,80.0,66.0,7.1,39.0,84.6
S0961,Female,Bachelor,Yes,Yes,3.4,75.5,80.0,72.0,98.0,75.0,5.3,41.0,73.5
S0954,Male,High School,Yes,Yes,7.1,78.8,61.0,,62.0,47.0,5.4,24.0,67.6
S0980,Female,High School,No,Yes,6.9,98.0,75.0,81.0,59.0,61.0,5.0,48.0,73.7
S0576,Male,Bachelor,Yes,Yes,0.5,63.7,39.0,62.0,56.0,62.0,6.4,8.0,48.3
S0540,Female,Bachelor,No,Yes,4.0,80.0,59.0,66.0,60.0,66.0,6.2,33.0,58.7
S0216,Female,Bachelor,Yes,Yes,5.7,71.4,70.0,54.0,71.0,59.0,7.4,30.0,68.1
S0738,Male,Master,Yes,No,7.7,83.4,63.0,61.0,80.0,70.0,7.1,18.0,73.7
S0999,Male,High School,Yes,No,9.7,78.3,74.0,,55.0,74.0,7.8,27.0,79.8
S0714,Female,Bachelor,No,Yes,1.6,88.5,63.0,57.0,73.0,63.0,6.4,9.0,53.9
S0668,Male,Master,No,Yes,3.5,91.4,69.0,73.0,64.0,94.0,9.2,44.0,69.3
S0040,Male,High School,Yes,Yes,6.1,80.6,76.0,76.0,72.0,74.0,7.4,23.0,71.9
S0232,Male,PhD,Yes,No,5.7,74.7,40.0,60.0,61.0,54.0,8.1,24.0,58.7
S0495,Male,Bachelor,Yes,No,7.0,69.8,55.0,52.0,67.0,66.0,7.8,66.0,63.3
S0705,Female,Bachelor,Yes,No,5.2,85.1,93.0,83.0,71.0,75.0,9.0,18.0,77.5
S0968,Male,PhD,Yes,No,0.9,67.0,52.0,54.0,52.0,56.0,5.9,24.0,40.4
S0067,Female,High School,Yes,Yes,0.5,83.6,68.0,70.0,77.0,76.0,6.8,28.0,59.3
S0295,Female,Bachelor,Yes,No,7.1,80.6,46.0,85.0,68.0,44.0,6.5,2.0,70.3
S0068,Male,Bachelor,Yes,No,5.1,84.2,64.0,62.0,72.0,67.0,9.5,54.0,62.5
S0480,Male,Bachelor,Yes,No,5.5,100.0,95.0,92.0,91.0,82.0,6.6,6.0,80.6
S0329,Male,Bachelor,Yes,Yes,3.0,43.5,64.0,44.0,49.0,56.0,7.1,46.0,51.0
S0627,Male,High School,No,Yes,3.9,68.5,57.0,80.0,55.0,47.0,7.9,27.0,55.8
S0108,Male,Bachelor,Yes,No,2.5,83.4,60.0,55.0,71.0,80.0,6.5,18.0,63.1
S0984,Male,Bachelor,Yes,No,8.3,69.3,60.0,81.0,86.0,67.0,5.6,13.0,71.8
S0347,Female,Bachelor,Yes,No,1.9,78.6,58.0,56.0,50.0,62.0,5.4,28.0,51.9
S0299,Male,High School,No,No,2.9,59.2,35.0,49.0,40.0,67.0,5.6,53.0,39.0
S0644,Female,High School,Yes,No,7.6,81.6,75.0,92.0,61.0,53.0,7.4,42.0,69.7
S0308,Male,High School,Yes,No,,70.5,74.0,78.0,70.0,69.0,5.4,56.0,77.8
S0855,Male,High School,Yes,No,6.0,69.9,72.0,80.0,68.0,66.0,5.7,36.0,69.2
S0507,Male,Master,No,No,3.6,99.0,85.0,88.0,94.0,91.0,6.4,43.0,80.9
S0297,Male,PhD,Yes,No,3.1,76.6,66.0,87.0,61.0,76.0,6.9,29.0,65.5
S0881,Male,High School,Yes,No,3.1,92.1,79.0,,59.0,58.0,7.6,36.0,64.7
S0667,Female,PhD,No,No,8.3,64.3,49.0,55.0,60.0,44.0,8.4,31.0,57.2
S0101,Male,Bachelor,Yes,Yes,5.3,83.6,59.0,61.0,67.0,45.0,6.5,22.0,63.3
S0089,Female,High School,No,No,1.9,,71.0,58.0,71.0,63.0,8.3,49.0,60.5
S0064,Male,Master,No,No,6.1,90.0,72.0,63.0,65.0,52.0,7.7,42.0,65.6
S0844,Male,High School,Yes,No,3.6,78.4,57.0,81.0,61.0,59.0,6.9,17.0,63.1
S0889,Female,High School,Yes,Yes,3.5,76.3,38.0,60.0,25.0,43.0,9.9,48.0,46.5
S0140,Male,Master,Yes,No,7.1,100.0,89.0,61.0,79.0,97.0,8.3,29.0,88.0
S0758,Female,Bachelor,Yes,Yes,5.9,99.7,67.0,82.0,69.0,69.0,6.1,37.0,71.5
S0616,Male,Bachelor,Yes,Yes,5.8,81.5,56.0,33.0,61.0,60.0,7.0,27.0,67.5
S0500,Female,High School,,Yes,5.2,77.3,40.0,56.0,59.0,35.0,7.5,40.0,45.8
S0666,Male,High School,Yes,Yes,5.8,80.4,39.0,58.0,48.0,56.0,7.3,18.0,54.0
S0585,Female,High School,Yes,No,4.7,74.8,68.0,86.0,68.0,62.0,6.8,28.0,63.0
S0110,Male,High School,Yes,Yes,5.7,72.6,37.0,50.0,57.0,40.0,7.3,57.0,54.0
S0917,Female,Bachelor,Yes,No,9.0,85.1,77.0,81.0,76.0,71.0,6.6,37.0,79.9
S0651,Female,High School,Yes,No,5.2,69.4,91.0,71.0,77.0,77.0,7.9,20.0,73.0
S0534,Female,High School,Yes,No,4.1,99.4,80.0,87.0,83.0,65.0,8.9,18.0,75.9
S0446,Female,Master,Yes,Yes,5.7,68.1,44.0,57.0,54.0,39.0,6.4,7.0,51.2
S0606,Female,Master,Yes,Yes,6.9,80.0,74.0,72.0,57.0,57.0,7.0,27.0,64.3
S0137,Male,Bachelor,Yes,No,5.6,70.7,61.0,75.0,67.0,54.0,9.1,32.0,65.5
S0812,Male,Master,Yes,No,6.1,72.7,62.0,71.0,44.0,56.0,7.1,30.0,59.5
S0515,Male,High School,Yes,No,9.4,67.5,81.0,60.0,84.0,68.0,8.2,30.0,67.1
S0754,Female,High School,Yes,No,4.5,99.3,87.0,81.0,74.0,70.0,6.7,53.0,74.3
S0159,Male,Bachelor,No,No,3.7,68.6,60.0,87.0,42.0,62.0,7.1,90.0,60.7
S0311,Male,Bachelor,Yes,No,5.7,96.1,87.0,83.0,73.0,83.0,6.8,42.0,84.6
S0328,Male,,Yes,No,3.0,82.6,76.0,64.0,61.0,80.0,5.9,27.0,69.4
S0137,Male,Bachelor,Yes,No,5.6,70.7,61.0,75.0,67.0,54.0,9.1,32.0,65.5
S0936,Male,Bachelor,Yes,No,4.4,98.4,68.0,68.0,75.0,68.0,5.6,11.0,71.0
S0255,Female,High School,Yes,No,3.4,63.2,50.0,53.0,64.0,44.0,7.8,21.0,44.9
S0276,Male,High School,Yes,No,6.2,91.0,65.0,90.0,65.0,69.0,4.4,18.0,76.3
S0902,Male,Bachelor,Yes,No,5.7,78.3,63.0,93.0,66.0,61.0,8.1,33.0,72.2
S0185,Male,Master,Yes,No,8.7,78.6,73.0,66.0,65.0,83.0,7.8,32.0,78.5
S0583,Female,High School,,No,8.1,79.0,59.0,56.0,67.0,66.0,6.3,2.0,69.5
S0661,Female,Master,Yes,No,4.6,59.9,36.0,100.0,52.0,46.0,6.6,31.0,60.5
S0897,Male,Bachelor,Yes,No,2.8,72.7,55.0,68.0,61.0,53.0,6.4,59.0,51.7
S0210,Female,Bachelor,Yes,Yes,7.8,74.6,66.0,64.0,68.0,59.0,7.3,36.0,69.6
S0169,Male,Bachelor,Yes,No,8.7,76.2,72.0,78.0,60.0,45.0,7.7,29.0,83.4
S0867,Female,Master,No,No,3.8,,50.0,59.0,62.0,40.0,6.0,44.0,43.5
S0281,Female,Bachelor,Yes,Yes,4.3,54.2,67.0,83.0,63.0,74.0,6.4,8.0,60.2
S0900,Female,Bachelor,Yes,No,4.5,85.3,50.0,49.0,47.0,56.0,7.9,40.0,56.9
S0542,Female,PhD,Yes,No,6.3,74.1,49.0,62.0,57.0,53.0,8.2,36.0,62.4
S0056,Male,High School,Yes,No,7.9,94.0,58.0,71.0,58.0,48.0,7.1,13.0,70.8
S0121,Male,Bachelor,No,Yes,2.8,73.5,47.0,71.0,58.0,63.0,7.7,27.0,51.2
S0555,Female,Bachelor,No,Yes,,84.7,67.0,71.0,74.0,69.0,9.2,26.0,65.8
S0026,Female,PhD,Yes,No,3.5,61.5,62.0,83.0,67.0,55.0,8.1,21.0,57.3
S0073,Female,High School,Yes,Yes,5.9,68.7,61.0,64.0,45.0,70.0,6.7,18.0,63.7
S0539,Female,Master,Yes,Yes,3.8,81.8,49.0,72.0,36.0,50.0,9.3,32.0,50.4
S0045,Female,Master,No,Yes,6.1,71.0,60.0,77.0,52.0,61.0,6.6,26.0,61.8
S0498,Female,High School,Yes,No,7.7,83.6,56.0,48.0,59.0,59.0,7.0,24.0,69.5
S0199,Male,High School,Yes,No,2.9,97.2,60.0,,75.0,79.0,8.3,2.0,63.3
S0378,Female,Master,Yes,No,2.3,64.9,50.0,59.0,51.0,46.0,6.1,40.0,51.6
S0315,Male,Master,Yes,Yes,6.2,92.0,76.0,73.0,54.0,78.0,7.0,34.0,70.9
S0719,Male,Bachelor,Yes,No,2.1,89.8,65.0,74.0,63.0,63.0,6.4,24.0,67.0
S0209,Male,PhD,Yes,No,3.1,80.9,61.0,67.0,51.0,59.0,8.7,32.0,59.5
S0722,Male,Master,Yes,Yes,6.0,75.0,85.0,69.0,64.0,79.0,6.4,28.0,71.9
S0919,Female,Master,Yes,No,6.0,86.9,83.0,64.0,70.0,76.0,6.7,9.0,66.9
S0536,Female,Master,,Yes,4.7,76.0,81.0,72.0,66.0,72.0,6.7,40.0,74.9
S0696,Female,High School,Yes,No,5.3,83.1,54.0,78.0,53.0,50.0,6.0,56.0,59.0
S0605,Female,Master,Yes,No,1.5,71.1,50.0,50.0,73.0,42.0,8.7,54.0,61.8
S0591,Male,Bachelor,Yes,Yes,6.2,58.5,61.0,48.0,56.0,55.0,7.0,30.0,62.2
S0291,Female,High School,Yes,No,3.0,85.9,70.0,70.0,80.0,52.0,8.4,24.0,59.8
S0960,Female,Master,Yes,Yes,8.5,81.4,60.0,69.0,65.0,74.0,7.2,2.0,74.3
S0333,Female,High School,Yes,Yes,7.7,93.9,68.0,71.0,53.0,66.0,5.4,15.0,70.1
S0211,Female,Bachelor,Yes,No,4.5,67.8,72.0,84.0,85.0,67.0,8.5,59.0,66.1
S0343,Female,High School,Yes,No,6.4,90.4,64.0,81.0,53.0,67.0,7.0,21.0,73.6
S0061,Female,Bachelor,No,No,1.8,50.4,45.0,58.0,67.0,47.0,7.1,36.0,41.6
S0345,Male,Bachelor,Yes,Yes,7.7,90.9,89.0,,63.0,79.0,8.1,13.0,85.0
S0891,Female,Bachelor,Yes,Yes,1.3,73.6,49.0,,42.0,51.0,5.5,51.0,54.2
S0712,Female,High School,Yes,No,4.6,100.0,66.0,79.0,55.0,70.0,7.5,15.0,70.1
S0468,Male,PhD,Yes,No,7.2,93.6,77.0,79.0,79.0,93.0,7.0,47.0,83.0
S0424,Female,Master,Yes,Yes,3.3,65.0,47.0,57.0,68.0,53.0,5.4,20.0,55.0
S0260,Male,Master,No,No,,89.4,50.0,64.0,45.0,55.0,8.5,52.0,60.8
S0781,Male,High School,Yes,No,6.4,90.7,57.0,68.0,58.0,47.0,7.8,21.0,61.8
S0406,Male,High School,No,Yes,0.8,87.0,65.0,55.0,63.0,54.0,6.4,6.0,49.9
S0789,Female,High School,Yes,Yes,5.3,68.3,48.0,69.0,51.0,54.0,6.1,14.0,54.1
S0768,Female,Bachelor,Yes,No,3.4,70.5,52.0,56.0,77.0,57.0,6.5,31.0,58.8
S0484,Male,Bachelor,Yes,Yes,7.9,87.7,59.0,63.0,77.0,71.0,8.4,34.0,77.7
S0531,Female,PhD,Yes,No,6.0,65.6,73.0,52.0,64.0,56.0,6.8,9.0,64.3
S0811,Male,High School,Yes,No,3.4,78.7,56.0,59.0,67.0,58.0,5.3,50.0,50.4
S1000,Male,,Yes,No,2.6,76.0,68.0,76.0,64.0,79.0,4.8,17.0,54.1
S0967,Female,Bachelor,Yes,No,7.1,67.3,69.0,73.0,54.0,63.0,6.4,23.0,67.4
S0111,Female,Bachelor,No,No,5.9,85.5,74.0,69.0,61.0,60.0,,45.0,68.6
S0996,Female,Bachelor,Yes,No,3.9,90.4,72.0,73.0,61.0,58.0,5.9,14.0,62.3
S0559,Female,High School,,Yes,5.7,69.3,44.0,59.0,45.0,63.0,5.8,25.0,50.6
S0794,Female,Bachelor,Yes,No,7.3,82.2,63.0,81.0,65.0,63.0,9.6,28.0,78.4
S0937,Female,Master,Yes,Yes,7.7,65.2,57.0,58.0,65.0,51.0,6.9,25.0,65.7
S0920,Male,Bachelor,No,No,2.4,74.0,56.0,61.0,62.0,38.0,6.7,12.0,53.1
S0943,Male,High School,No,Yes,4.1,83.6,64.0,87.0,69.0,61.0,8.3,21.0,66.7
S0320,Female,Master,Yes,No,5.8,77.6,58.0,56.0,40.0,49.0,6.6,30.0,55.9
S0517,Male,High School,Yes,No,6.2,75.3,77.0,74.0,66.0,65.0,6.9,30.0,70.9
S0450,Female,Bachelor,Yes,Yes,4.2,92.1,57.0,67.0,63.0,84.0,6.4,27.0,65.1
S0784,Male,Bachelor,Yes,No,6.8,91.3,67.0,62.0,60.0,73.0,,18.0,76.1
S0594,Male,High School,Yes,No,2.8,,49.0,51.0,60.0,58.0,8.0,37.0,50.2
S0910,Male,Bachelor,No,Yes,4.5,72.4,46.0,75.0,46.0,60.0,5.9,19.0,51.2
S0744,Female,Master,Yes,Yes,7.6,86.1,57.0,64.0,68.0,55.0,5.2,14.0,76.1
S0138,Female,Master,Yes,Yes,7.0,83.1,71.0,88.0,63.0,75.0,5.6,33.0,75.4
S0800,Male,Bachelor,Yes,No,6.8,80.3,63.0,75.0,68.0,75.0,6.0,24.0,70.5
S0934,Female,Bachelor,Yes,No,6.9,83.5,81.0,82.0,61.0,66.0,5.2,32.0,68.3
S0823,Male,Bachelor,Yes,Yes,7.0,69.0,53.0,76.0,60.0,61.0,8.4,35.0,68.0
S0766,Female,PhD,No,No,3.7,78.7,43.0,61.0,39.0,54.0,6.9,38.0,44.0
S0262,Female,Bachelor,Yes,No,5.3,76.2,54.0,57.0,61.0,65.0,7.9,47.0,57.8
S0568,Female,Master,No,No,4.6,78.6,59.0,70.0,70.0,66.0,6.7,16.0,61.7
S0833,Female,Bachelor,,No,5.2,68.5,51.0,65.0,44.0,39.0,8.4,28.0,54.9
S0382,Female,,Yes,No,6.0,91.7,78.0,68.0,78.0,59.0,6.8,35.0,70.8
S0334,Female,Bachelor,No,No,6.6,71.8,52.0,78.0,67.0,61.0,7.7,20.0,61.1
S0537,Female,,No,No,2.4,76.5,51.0,73.0,57.0,55.0,5.8,40.0,52.6
S0352,Female,High School,Yes,No,4.0,73.6,65.0,,72.0,72.0,8.7,40.0,75.5
S0786,Male,High School,Yes,No,3.6,81.2,57.0,60.0,55.0,64.0,9.1,23.0,63.6
S0452,Male,High School,Yes,Yes,4.0,81.3,74.0,73.0,59.0,59.0,7.9,47.0,61.2
S0079,Female,Bachelor,Yes,No,6.7,87.0,74.0,66.0,66.0,78.0,8.0,41.0,75.4
S0030,Male,Master,Yes,No,6.1,87.2,78.0,76.0,63.0,70.0,7.6,12.0,73.0
S0713,Female,Bachelor,Yes,Yes,6.3,74.4,61.0,74.0,59.0,49.0,9.0,42.0,65.0
S0278,Female,Bachelor,Yes,No,2.5,75.9,59.0,58.0,51.0,46.0,7.7,38.0,63.4
S0248,Male,High School,Yes,No,,91.3,87.0,77.0,68.0,66.0,8.2,17.0,68.5
S0658,Male,Bachelor,Yes,No,2.3,97.2,73.0,76.0,52.0,48.0,8.5,11.0,55.3
S0307,Female,Bachelor,,No,6.5,84.3,69.0,64.0,73.0,55.0,5.2,46.0,64.5
S0166,Female,Master,Yes,No,3.6,73.8,54.0,64.0,57.0,68.0,7.4,12.0,58.3
S0817,Female,Master,Yes,Yes,6.8,73.5,64.0,56.0,60.0,58.0,5.5,44.0,63.3
S0179,Male,Master,Yes,No,4.0,83.6,59.0,69.0,55.0,59.0,6.9,40.0,61.8
S0486,Male,Bachelor,,Yes,1.4,79.7,62.0,62.0,67.0,46.0,6.8,24.0,53.4
S0066,Female,Master,Yes,Yes,4.7,78.6,73.0,72.0,78.0,67.0,6.6,29.0,68.7
S0142,Female,Bachelor,Yes,Yes,4.8,61.0,66.0,58.0,40.0,51.0,6.6,15.0,57.1
S0437,Male,PhD,Yes,Yes,3.9,89.3,61.0,59.0,67.0,69.0,3.5,26.0,64.6
S0523,Female,Bachelor,Yes,No,2.4,90.5,83.0,81.0,82.0,83.0,8.4,27.0,76.0
S0845,Male,Bachelor,No,Yes,1.4,79.6,62.0,68.0,74.0,76.0,8.7,33.0,59.7
S0421,Male,PhD,Yes,No,4.7,90.1,79.0,83.0,68.0,60.0,9.9,20.0,79.6
S0405,Male,High School,Yes,Yes,3.9,64.8,70.0,61.0,55.0,54.0,6.7,28.0,58.0
S0680,Female,Master,Yes,No,4.5,76.7,56.0,68.0,67.0,81.0,8.1,49.0,62.9
S0266,Female,Bachelor,No,Yes,7.2,87.3,73.0,70.0,81.0,67.0,7.6,40.0,72.4
S0880,Female,,Yes,Yes,3.0,85.0,59.0,57.0,64.0,60.0,7.5,48.0,62.6
S0293,Female,Bachelor,Yes,Yes,,100.0,70.0,58.0,73.0,83.0,5.8,15.0,76.0
S0222,Male,High School,No,Yes,6.0,88.2,62.0,71.0,66.0,71.0,6.6,24.0,65.4
S0828,Female,Bachelor,Yes,No,1.9,69.4,74.0,71.0,50.0,68.0,6.7,58.0,63.1
S0236,Male,Bachelor,Yes,No,7.1,,56.0,65.0,57.0,49.0,6.1,31.0,60.1
S0526,Male,PhD,Yes,No,4.8,69.6,58.0,66.0,44.0,64.0,7.1,32.0,64.6
S0193,Male,Master,Yes,Yes,6.4,62.9,64.0,71.0,67.0,63.0,8.1,49.0,61.8
S0322,Male,High School,Yes,No,5.9,89.1,58.0,49.0,78.0,67.0,6.9,33.0,65.2
S0050,Female,Bachelor,,No,5.5,86.4,64.0,80.0,63.0,60.0,7.3,44.0,68.9
S0892,Male,High School,Yes,Yes,3.2,78.1,70.0,48.0,48.0,64.0,7.3,30.0,59.5
S0003,Male,Bachelor,Yes,No,6.4,92.9,83.0,82.0,69.0,60.0,6.2,47.0,69.6
S0818,Male,High School,Yes,No,5.8,97.5,74.0,85.0,76.0,52.0,7.1,21.0,71.3
S0371,Male,Bachelor,Yes,No,6.1,67.5,72.0,80.0,71.0,50.0,6.3,14.0,71.6
S0922,Female,Bachelor,No,Yes,6.3,94.3,41.0,73.0,54.0,39.0,5.9,11.0,52.1
S0250,Female,High School,Yes,No,7.3,69.4,57.0,60.0,56.0,50.0,6.6,33.0,66.0
S0549,Female,High School,Yes,Yes,4.1,70.9,61.0,79.0,65.0,59.0,7.0,3.0,56.8
S0433,Female,Master,Yes,Yes,5.9,83.7,64.0,66.0,54.0,65.0,8.4,43.0,62.8
S0939,Female,Bachelor,Yes,Yes,9.3,99.2,79.0,66.0,82.0,70.0,5.6,41.0,74.2
S0508,Male,Bachelor,Yes,Yes,6.7,84.4,68.0,79.0,78.0,64.0,7.6,33.0,77.9
S0034,Male,Bachelor,Yes,No,6.3,67.2,57.0,66.0,63.0,42.0,10.0,3.0,65.3
S0205,Male,Master,Yes,Yes,1.0,48.6,43.0,57.0,49.0,44.0,6.1,43.0,39.9
S0890,Male,Master,Yes,No,5.0,59.1,30.0,67.0,57.0,46.0,4.8,25.0,46.8
S0589,Female,High School,Yes,Yes,7.0,79.7,68.0,64.0,61.0,62.0,8.4,13.0,70.2
S0731,Female,High School,Yes,No,2.4,76.5,71.0,89.0,76.0,60.0,10.0,32.0,67.8
S0078,Female,Master,Yes,No,3.3,82.3,62.0,63.0,65.0,63.0,8.5,21.0,62.2
S0085,Female,High School,No,No,6.0,70.4,43.0,61.0,39.0,26.0,4.6,31.0,47.7
S0306,Female,High School,Yes,No,2.6,78.8,67.0,74.0,62.0,78.0,7.2,41.0,69.7
S0083,Female,Bachelor,No,Yes,3.2,72.6,60.0,69.0,56.0,56.0,6.0,33.0,49.1
S0449,Male,High School,Yes,Yes,3.7,,77.0,84.0,67.0,86.0,5.6,31.0,72.0
S0998,Female,Bachelor,Yes,No,7.1,91.8,65.0,88.0,56.0,69.0,6.4,48.0,78.2
S0752,Female,Master,Yes,No,4.6,61.0,59.0,72.0,70.0,69.0,7.4,39.0,60.4
S0532,Male,Bachelor,Yes,Yes,4.8,89.6,54.0,85.0,56.0,59.0,5.4,50.0,63.1
S0324,Male,High School,Yes,No,9.2,75.9,72.0,,77.0,58.0,9.0,43.0,73.4
S0496,Male,High School,Yes,No,8.1,83.7,65.0,76.0,71.0,67.0,7.4,28.0,64.0
S0911,Female,Bachelor,Yes,No,4.8,,62.0,65.0,59.0,51.0,7.0,9.0,58.3
S0006,Male,Master,Yes,No,3.1,68.2,58.0,73.0,60.0,42.0,6.0,38.0,55.1
S0426,Male,Bachelor,Yes,Yes,1.8,85.2,54.0,70.0,52.0,44.0,7.1,45.0,55.9
S0491,Female,Bachelor,Yes,No,7.5,100.0,66.0,88.0,78.0,90.0,7.3,16.0,68.8
S0098,Female,Bachelor,No,No,2.8,73.0,64.0,70.0,54.0,55.0,7.1,23.0,56.5
S0762,Female,Bachelor,Yes,Yes,6.2,71.2,78.0,79.0,59.0,64.0,5.6,18.0,69.0
S0423,Female,High School,Yes,No,1.0,146.3,50.0,50.0,55.0,62.0,6.7,34.0,48.3
S0886,Female,High School,No,Yes,6.7,80.9,59.0,77.0,62.0,76.0,4.0,29.0,64.9
S0282,Female,Master,Yes,Yes,5.8,74.7,49.0,74.0,59.0,35.0,8.2,65.0,59.5
S0267,Male,Bachelor,Yes,Yes,4.9,77.2,63.0,83.0,63.0,72.0,7.1,30.0,65.9
S0443,Female,PhD,Yes,Yes,2.9,82.0,68.0,67.0,71.0,61.0,8.0,60.0,67.3
S0746,Male,Bachelor,Yes,Yes,10.0,77.7,77.0,69.0,71.0,69.0,7.1,22.0,80.9
S0383,Male,Bachelor,No,No,3.6,79.9,41.0,68.0,55.0,49.0,9.6,72.0,53.6
S0693,Male,High School,Yes,Yes,5.6,82.4,77.0,68.0,75.0,78.0,6.1,38.0,71.1
S0894,Male,Bachelor,No,Yes,5.1,82.7,75.0,65.0,82.0,72.0,7.2,38.0,70.2
S0535,Female,Bachelor,Yes,Yes,4.0,83.2,51.0,51.0,60.0,46.0,8.0,35.0,54.2
S0119,Male,High School,Yes,Yes,4.6,79.0,74.0,84.0,91.0,72.0,5.4,41.0,69.2
S0389,Male,Bachelor,Yes,No,2.5,84.5,63.0,86.0,54.0,55.0,6.5,36.0,53.7
S0251,Male,Master,Yes,No,4.9,95.2,51.0,73.0,67.0,58.0,9.4,29.0,65.2
S0944,Female,Bachelor,No,No,6.1,80.1,76.0,76.0,81.0,92.0,6.6,16.0,79.6
S0454,Male,PhD,Yes,No,7.5,97.4,84.0,71.0,85.0,85.0,6.7,49.0,87.4
S0010,Male,Bachelor,Yes,Yes,5.0,,61.0,56.0,49.0,53.0,7.7,37.0,54.5
S0197,Female,High School,Yes,No,7.1,43.7,70.0,57.0,60.0,69.0,6.8,27.0,68.2
S0619,Female,Master,Yes,No,6.5,75.5,66.0,76.0,53.0,61.0,7.3,32.0,70.6
S0082,Male,High School,Yes,Yes,7.0,62.8,61.0,69.0,56.0,71.0,7.6,22.0,62.5
S0399,Male,Master,No,Yes,1.6,77.8,61.0,69.0,74.0,63.0,6.3,43.0,59.7
S0502,Female,PhD,Yes,Yes,9.2,82.3,75.0,84.0,63.0,68.0,6.1,21.0,79.7
S0635,Male,Bachelor,Yes,No,5.5,81.6,65.0,62.0,69.0,65.0,7.5,47.0,66.0
S0240,Female,Bachelor,Yes,No,0.5,72.4,59.0,69.0,66.0,47.0,6.2,26.0,46.9
S0310,Female,High School,Yes,No,5.8,95.6,73.0,74.0,81.0,94.0,6.7,54.0,70.9
S0212,Male,Bachelor,Yes,Yes,39.3,79.6,48.0,49.0,49.0,45.0,6.0,18.0,58.2
S0835,Female,Bachelor,Yes,Yes,4.2,65.9,60.0,68.0,46.0,53.0,8.0,35.0,53.0
S0381,Female,High School,Yes,Yes,4.3,84.7,63.0,61.0,80.0,49.0,6.3,24.0,65.7
S0602,Female,High School,No,No,7.0,90.1,60.0,72.0,71.0,62.0,,37.0,70.7
S0228,Male,High School,Yes,Yes,5.3,89.5,91.0,82.0,84.0,76.0,7.6,33.0,76.1
S0874,Male,High School,,No,8.1,89.2,65.0,56.0,59.0,59.0,5.5,32.0,63.6
S0360,Male,High School,No,No,1.4,89.4,69.0,65.0,50.0,65.0,7.9,21.0,54.0
S0814,Male,High School,Yes,No,6.7,91.4,52.0,69.0,60.0,68.0,6.4,27.0,63.1
S0178,Male,PhD,Yes,No,2.8,82.9,71.0,89.0,63.0,78.0,7.5,39.0,64.4
S0995,Female,Bachelor,Yes,No,3.7,,54.0,75.0,79.0,52.0,7.6,33.0,68.4
S0757,Male,Bachelor,Yes,Yes,4.3,76.0,61.0,54.0,52.0,43.0,6.3,15.0,58.6
S0494,Male,Bachelor,Yes,No,2.5,70.9,69.0,69.0,58.0,74.0,,28.0,60.2
S0335,Male,Master,Yes,No,5.8,81.4,61.0,70.0,66.0,51.0,6.4,9.0,65.9
S0893,Female,Bachelor,,Yes,3.0,73.4,67.0,74.0,57.0,69.0,9.1,40.0,65.7
S0008,Male,Bachelor,Yes,No,2.0,81.3,67.0,61.0,69.0,68.0,5.8,42.0,57.0
S0156,Female,Master,No,Yes,7.4,83.8,89.0,88.0,83.0,88.0,6.0,4.0,80.7
S0843,Male,Bachelor,No,Yes,7.6,100.0,86.0,87.0,81.0,88.0,6.3,49.0,94.4
S0751,Female,High School,Yes,Yes,4.8,87.7,67.0,54.0,60.0,61.0,6.0,8.0,61.0
S0942,Female,High School,No,No,5.6,80.4,64.0,77.0,69.0,58.0,5.4,38.0,65.5
S0483,Male,High School,Yes,No,2.9,79.1,81.0,54.0,69.0,67.0,7.7,25.0,61.9
S0847,Female,High School,,Yes,6.6,100.0,95.0,86.0,82.0,84.0,8.0,16.0,73.2
S0750,Female,High School,Yes,No,2.9,75.9,55.0,67.0,44.0,49.0,6.6,2.0,47.7
S0904,Female,Bachelor,Yes,Yes,8.5,73.4,80.0,92.0,84.0,78.0,6.7,41.0,89.1
S0592,Female,High School,Yes,No,4.4,79.9,63.0,79.0,83.0,64.0,6.0,41.0,61.9
S0953,Male,Master,Yes,Yes,6.1,71.8,67.0,65.0,69.0,83.0,7.5,22.0,69.4
S0581,Female,Master,Yes,Yes,0.5,74.3,37.0,39.0,36.0,39.0,8.2,34.0,42.1
S0440,Male,High School,Yes,Yes,3.0,83.7,69.0,83.0,79.0,59.0,6.4,37.0,64.3
S0543,Male,High School,Yes,No,0.5,80.8,65.0,78.0,57.0,45.0,8.8,46.0,44.5
S0597,Male,Master,No,No,4.2,71.6,61.0,76.0,54.0,43.0,6.4,72.0,60.1
S0724,Female,High School,Yes,No,5.1,88.4,63.0,65.0,56.0,50.0,5.1,2.0,62.6
S0678,Female,Master,Yes,Yes,,93.8,73.0,48.0,69.0,62.0,7.9,51.0,63.2
S0479,Male,Bachelor,,Yes,4.8,92.3,81.0,45.0,49.0,60.0,4.6,26.0,60.7
S0229,Male,High School,Yes,Yes,2.4,77.3,44.0,67.0,63.0,65.0,7.4,29.0,53.3
S0975,Male,Bachelor,Yes,Yes,6.5,82.5,53.0,71.0,42.0,50.0,6.9,29.0,55.7
S0815,Male,High School,Yes,No,4.8,88.2,62.0,62.0,55.0,35.0,4.4,48.0,59.8
S0213,Male,Bachelor,Yes,No,5.0,95.9,58.0,62.0,50.0,67.0,7.2,2.0,62.6
S0080,Female,Master,Yes,No,4.2,82.1,57.0,78.0,52.0,62.0,6.3,35.0,67.7
S0149,Male,High School,Yes,No,,94.6,79.0,76.0,86.0,84.0,7.1,30.0,84.9
S0303,Male,Bachelor,Yes,Yes,1.2,84.7,64.0,65.0,70.0,70.0,9.8,29.0,56.3
S0356,Female,High School,Yes,Yes,2.5,,55.0,69.0,79.0,66.0,6.5,4.0,66.5
S0430,Female,Bachelor,Yes,Yes,2.1,92.8,69.0,61.0,79.0,67.0,7.2,5.0,62.4
S0520,Male,High School,Yes,No,8.6,67.7,93.0,65.0,87.0,75.0,8.0,18.0,80.4
S0363,Male,High School,Yes,Yes,5.6,95.1,70.0,72.0,75.0,55.0,7.1,23.0,69.9
S0595,Male,High School,,No,0.5,78.1,63.0,,45.0,46.0,6.5,43.0,41.2
S0358,Male,Bachelor,Yes,No,9.2,74.8,58.0,68.0,55.0,73.0,6.6,38.0,71.0
S0134,Male,High School,Yes,Yes,5.8,71.9,72.0,64.0,53.0,49.0,4.2,25.0,55.1
S0830,Male,Bachelor,Yes,No,3.9,61.6,39.0,38.0,47.0,25.0,,38.0,37.6
S0312,Male,High School,Yes,No,5.1,87.4,64.0,52.0,55.0,55.0,,32.0,67.0
S0622,Female,High School,Yes,No,7.2,69.4,69.0,72.0,57.0,52.0,7.2,69.0,60.9
S0465,Female,Bachelor,Yes,Yes,3.9,72.5,48.0,56.0,65.0,70.0,8.3,26.0,59.3
S0994,Male,,No,Yes,7.5,86.1,80.0,77.0,65.0,64.0,7.3,33.0,78.9
S0001,Male,Bachelor,Yes,No,1.9,84.4,69.0,85.0,68.0,56.0,,35.0,60.6
S0317,Female,Master,,Yes,2.6,66.8,70.0,77.0,67.0,55.0,5.4,6.0,60.2
S0723,Female,Master,Yes,No,5.9,66.8,43.0,67.0,49.0,48.0,7.5,23.0,56.1
S0560,Male,Master,Yes,Yes,1.2,56.4,52.0,66.0,63.0,58.0,7.8,28.0,53.4
S0372,Male,Bachelor,No,No,6.0,93.0,77.0,77.0,73.0,77.0,,20.0,70.8
S0545,Male,High School,,No,3.6,78.8,49.0,67.0,75.0,53.0,8.2,18.0,62.9
S0850,Male,High School,Yes,No,2.7,89.9,68.0,80.0,62.0,68.0,,27.0,60.2
S0395,Male,Bachelor,Yes,No,4.3,88.1,80.0,74.0,61.0,96.0,6.3,12.0,75.6
S0173,Male,Bachelor,Yes,No,5.8,81.1,62.0,67.0,60.0,59.0,6.6,20.0,67.1
S0126,Female,High School,No,Yes,6.0,84.0,73.0,70.0,64.0,59.0,8.1,47.0,66.5
S0899,Female,High School,Yes,Yes,6.5,84.6,78.0,82.0,69.0,65.0,6.2,44.0,68.7
S0579,Female,Bachelor,Yes,No,5.4,82.4,61.0,,49.0,67.0,7.4,47.0,58.7
S0949,Female,High School,Yes,Yes,7.3,81.4,67.0,92.0,69.0,53.0,8.8,27.0,83.5
S0921,Male,Bachelor,Yes,Yes,5.3,71.1,61.0,65.0,65.0,43.0,9.3,26.0,60.2
S0091,Female,Bachelor,Yes,No,6.2,89.1,77.0,78.0,62.0,65.0,8.6,24.0,80.2
S0971,Male,High School,Yes,Yes,6.2,70.0,73.0,80.0,69.0,50.0,8.3,40.0,62.1
S0182,Female,High School,Yes,No,4.3,74.9,67.0,83.0,62.0,71.0,8.6,58.0,62.6
S0364,Male,High School,Yes,Yes,6.4,65.8,55.0,75.0,57.0,52.0,9.2,10.0,64.8
S0275,Female,High School,Yes,No,7.4,89.9,81.0,75.0,73.0,79.0,6.4,6.0,84.1
S0913,Female,Bachelor,Yes,No,1.4,75.5,71.0,67.0,63.0,54.0,7.1,9.0,51.1
S0070,Male,High School,Yes,No,1.9,,72.0,78.0,63.0,42.0,7.6,31.0,60.1
S0292,Female,Bachelor,Yes,Yes,5.0,80.9,62.0,76.0,68.0,45.0,7.5,20.0,71.3
S0132,Male,Master,No,Yes,4.5,77.1,54.0,54.0,49.0,61.0,6.1,26.0,60.6
S0301,Male,High School,Yes,Yes,5.8,88.9,82.0,79.0,78.0,78.0,3.3,26.0,67.4
S0448,Female,,Yes,No,5.8,89.9,62.0,60.0,58.0,51.0,7.5,25.0,71.6
S0327,Female,PhD,Yes,Yes,5.5,70.4,41.0,63.0,61.0,63.0,8.3,12.0,57.1
S0145,Male,Bachelor,Yes,Yes,5.1,75.2,56.0,63.0,61.0,61.0,6.5,33.0,62.9
S0552,Male,,Yes,No,2.0,80.9,67.0,73.0,51.0,58.0,6.8,11.0,63.3
S0596,Female,High School,Yes,No,4.4,78.7,70.0,77.0,65.0,56.0,8.7,25.0,61.1
S0656,Female,High School,Yes,Yes,3.3,88.6,63.0,82.0,62.0,77.0,6.2,41.0,61.2
S0136,Female,High School,Yes,Yes,0.5,87.0,63.0,57.0,57.0,34.0,6.8,33.0,44.1
S0431,Female,High School,Yes,Yes,5.4,85.6,46.0,53.0,59.0,36.0,7.2,36.0,51.4
S0165,Female,Bachelor,No,Yes,7.4,87.1,70.0,62.0,69.0,69.0,6.0,13.0,62.5
S0029,Female,Master,Yes,Yes,5.8,90.2,75.0,72.0,70.0,80.0,8.6,16.0,74.3
S0588,Male,High School,Yes,No,1.9,85.4,51.0,81.0,52.0,44.0,8.4,29.0,53.0
S0194,Female,High School,Yes,No,9.8,82.9,75.0,70.0,67.0,74.0,5.2,46.0,83.7
S0791,Male,PhD,No,No,0.5,73.4,57.0,59.0,58.0,55.0,8.5,46.0,57.4
S0653,Male,Bachelor,No,Yes,5.9,78.4,88.0,68.0,92.0,78.0,5.5,11.0,83.7
S0170,Female,Bachelor,Yes,Yes,6.5,95.0,71.0,72.0,67.0,61.0,8.3,32.0,81.0
S0514,Female,High School,No,Yes,4.6,90.6,65.0,68.0,56.0,64.0,5.3,31.0,58.2
S0141,Female,PhD,Yes,No,8.6,79.0,78.0,79.0,71.0,48.0,6.1,37.0,77.5
S0174,Male,Master,Yes,Yes,3.8,73.1,58.0,57.0,63.0,60.0,6.9,21.0,58.6
S0007,Male,High School,Yes,No,6.7,80.0,74.0,72.0,56.0,60.0,6.2,28.0,65.1
S0657,Male,Bachelor,Yes,No,2.8,82.1,52.0,71.0,52.0,54.0,6.1,24.0,56.9
S0965,Male,Bachelor,No,No,6.2,77.5,65.0,66.0,65.0,57.0,7.1,17.0,59.6
S0074,Female,Bachelor,Yes,Yes,4.0,83.2,71.0,75.0,59.0,66.0,7.8,36.0,66.6
S0765,Male,Bachelor,Yes,No,7.1,80.5,77.0,66.0,64.0,70.0,6.3,27.0,67.5
S0654,Male,High School,Yes,Yes,5.5,64.8,60.0,61.0,52.0,47.0,7.3,23.0,51.9
S0239,Male,Master,Yes,No,2.6,79.4,48.0,85.0,56.0,62.0,8.3,25.0,56.9
S0146,Male,Bachelor,Yes,No,2.9,81.6,65.0,66.0,46.0,64.0,8.5,38.0,65.9
S0809,Female,High School,Yes,Yes,4.4,73.6,60.0,70.0,63.0,66.0,7.2,38.0,56.2
S0235,Female,Master,No,No,,75.5,56.0,76.0,37.0,58.0,7.0,24.0,68.0
S0221,Male,Bachelor,Yes,Yes,6.8,66.0,59.0,53.0,74.0,75.0,8.0,38.0,64.4
S0501,Female,Master,Yes,Yes,4.3,80.6,84.0,62.0,64.0,80.0,,20.0,70.6
S0674,Female,High School,Yes,Yes,4.0,76.2,51.0,62.0,47.0,53.0,7.7,30.0,56.9
S0133,Male,High School,Yes,Yes,5.1,71.3,68.0,,71.0,68.0,8.0,12.0,67.5
S0812,Male,Master,Yes,No,6.1,72.7,62.0,71.0,44.0,56.0,7.1,30.0,59.5
S0434,Male,Bachelor,Yes,Yes,1.8,65.4,45.0,47.0,66.0,51.0,9.5,39.0,59.3
S0671,Male,Bachelor,Yes,No,8.8,77.5,64.0,,74.0,60.0,6.8,29.0,64.4
S0186,Female,High School,Yes,No,0.6,86.7,81.0,92.0,75.0,81.0,5.5,46.0,71.3
S0042,Female,Master,Yes,No,9.0,87.0,72.0,67.0,71.0,68.0,8.4,26.0,79.6
S0626,Male,Bachelor,No,No,,72.5,78.0,60.0,76.0,50.0,7.2,44.0,63.1
S0109,Female,High School,No,Yes,7.1,73.3,71.0,73.0,73.0,73.0,6.2,52.0,69.7
S0604,Male,Master,Yes,No,6.5,74.1,56.0,75.0,65.0,50.0,6.1,2.0,64.4
S0057,Male,High School,No,Yes,2.7,72.3,62.0,78.0,59.0,51.0,8.4,35.0,50.8
S0429,Male,High School,Yes,Yes,3.4,84.9,55.0,72.0,43.0,51.0,7.4,33.0,55.5
S0469,Female,Bachelor,Yes,Yes,5.0,89.6,66.0,97.0,66.0,67.0,6.1,18.0,68.9
S0577,Female,Bachelor,,No,6.9,73.9,67.0,70.0,70.0,60.0,6.5,44.0,68.8
S0878,Male,Bachelor,Yes,No,7.5,90.3,58.0,64.0,59.0,47.0,5.7,24.0,68.1
S0025,Male,Master,Yes,No,9.6,83.0,56.0,71.0,63.0,64.0,6.4,26.0,68.9
S0441,Male,High School,Yes,Yes,5.2,100.0,71.0,67.0,74.0,62.0,5.4,24.0,77.1
S0883,Female,Bachelor,Yes,Yes,3.8,79.4,55.0,55.0,53.0,62.0,,20.0,57.8
S0544,Female,High School,Yes,Yes,4.0,90.8,73.0,85.0,54.0,59.0,9.0,31.0,61.4
S0634,Female,,Yes,No,2.9,85.1,57.0,62.0,43.0,36.0,6.0,16.0,46.3
S0831,Female,Bachelor,Yes,Yes,7.1,86.3,77.0,75.0,68.0,71.0,7.3,30.0,74.4
S0945,Male,PhD,Yes,No,7.0,82.7,63.0,81.0,69.0,70.0,4.4,44.0,63.3
S0339,Male,PhD,Yes,Yes,9.1,87.1,67.0,76.0,73.0,55.0,7.4,29.0,71.2
S0052,Female,High School,Yes,Yes,6.4,83.3,69.0,75.0,71.0,67.0,6.9,36.0,74.1
S0384,Male,Bachelor,Yes,No,4.3,80.7,54.0,56.0,68.0,56.0,,33.0,63.6
S0528,Female,Bachelor,Yes,Yes,6.3,67.6,61.0,78.0,64.0,56.0,7.1,73.0,64.8
S0939,Female,Bachelor,Yes,Yes,9.3,99.2,79.0,66.0,82.0,70.0,5.6,41.0,74.2
S0888,Male,Master,Yes,No,0.8,69.6,54.0,88.0,66.0,64.0,6.6,16.0,49.4
S0265,Female,Bachelor,Yes,Yes,6.1,100.0,62.0,82.0,73.0,70.0,8.2,18.0,75.4
S0550,Female,Bachelor,Yes,No,6.7,76.6,83.0,63.0,73.0,56.0,7.7,44.0,73.6
S0914,Female,Bachelor,Yes,No,4.3,68.0,63.0,48.0,55.0,55.0,7.4,2.0,52.3
S0698,Female,High School,Yes,No,4.8,86.8,50.0,73.0,61.0,64.0,7.6,31.0,57.0
S0396,Male,Bachelor,Yes,No,4.2,89.4,53.0,78.0,67.0,51.0,8.3,49.0,54.8
S0530,Male,Bachelor,Yes,Yes,4.9,84.1,64.0,57.0,75.0,76.0,3.8,21.0,62.9
S0869,Female,Master,No,Yes,5.3,72.0,60.0,62.0,64.0,55.0,8.4,36.0,60.3
S0019,Male,Bachelor,No,No,5.7,85.8,84.0,75.0,87.0,62.0,8.1,21.0,69.8
S0732,Male,Master,Yes,Yes,8.3,80.9,63.0,59.0,74.0,62.0,5.9,21.0,71.6
S0679,Male,,Yes,Yes,6.5,75.4,73.0,64.0,66.0,71.0,8.5,61.0,75.5
S0582,Female,High School,Yes,No,1.3,81.1,51.0,65.0,52.0,55.0,6.0,27.0,43.2
S0977,Female,Bachelor,Yes,No,5.9,83.3,72.0,60.0,60.0,73.0,5.7,33.0,69.4
S0368,Female,Master,Yes,No,3.4,68.9,46.0,79.0,61.0,60.0,5.8,25.0,48.8
S0084,Female,PhD,No,Yes,4.9,74.4,48.0,77.0,68.0,54.0,5.1,29.0,57.7
S0062,Female,High School,Yes,No,3.3,76.5,54.0,55.0,65.0,43.0,5.6,33.0,53.6
S0842,Male,Master,Yes,No,3.8,85.0,55.0,98.0,58.0,58.0,6.2,2.0,62.1
S0273,Female,Bachelor,Yes,No,5.5,79.7,75.0,66.0,73.0,61.0,8.2,40.0,71.2
S0286,Male,Master,Yes,No,6.4,77.6,57.0,80.0,56.0,42.0,7.6,20.0,59.7
S0361,Male,High School,Yes,No,0.5,79.5,61.0,54.0,75.0,67.0,4.9,4.0,49.5
S0355,Male,Bachelor,Yes,Yes,2.7,100.0,68.0,98.0,76.0,73.0,4.0,35.0,62.0
S0482,Male,High School,No,Yes,6.9,92.3,84.0,77.0,65.0,77.0,9.1,2.0,81.0
S0279,Male,High School,Yes,Yes,7.1,78.8,87.0,68.0,69.0,70.0,6.9,24.0,73.3
S0013,Male,Master,Yes,No,3.0,79.9,65.0,59.0,67.0,51.0,5.5,51.0,60.9
S0183,Male,Bachelor,No,No,3.3,91.0,61.0,62.0,58.0,72.0,6.6,15.0,59.4
S0369,Female,High School,No,No,4.3,84.7,78.0,63.0,63.0,53.0,8.4,37.0,75.5
S0600,Female,Bachelor,Yes,No,5.9,74.2,46.0,65.0,50.0,49.0,5.9,44.0,58.8
S0631,Female,High School,Yes,Yes,7.9,80.2,76.0,70.0,87.0,69.0,6.9,13.0,80.6
S0224,Female,Master,Yes,No,4.4,69.6,57.0,70.0,46.0,73.0,8.0,19.0,63.2
S0972,Male,PhD,Yes,Yes,2.3,79.7,54.0,65.0,59.0,59.0,6.9,6.0,59.3
S0715,Female,High School,Yes,No,5.1,74.9,60.0,68.0,67.0,55.0,6.1,46.0,64.4
S0778,Male,Bachelor,Yes,Yes,4.5,91.2,64.0,,41.0,64.0,7.9,18.0,57.1
S0558,Male,Bachelor,No,No,3.2,76.5,50.0,63.0,48.0,59.0,7.3,13.0,50.3
S0466,Female,Master,No,No,5.9,82.9,61.0,54.0,67.0,57.0,6.3,22.0,64.3
S0598,Female,PhD,Yes,Yes,7.3,91.8,71.0,77.0,74.0,63.0,8.7,12.0,77.9
S0708,Female,Bachelor,No,No,,81.6,94.0,78.0,60.0,68.0,,27.0,72.8
S0177,Female,Bachelor,Yes,No,8.9,88.8,80.0,68.0,66.0,85.0,8.7,14.0,77.5
S0681,Male,High School,Yes,Yes,5.2,,80.0,82.0,77.0,60.0,7.0,12.0,75.2
S0854,Female,Bachelor,Yes,No,5.6,82.7,54.0,77.0,76.0,74.0,6.8,2.0,67.3
S0955,Male,Bachelor,Yes,No,6.7,95.1,57.0,69.0,64.0,50.0,5.9,39.0,67.5
S0457,Male,Bachelor,No,Yes,9.0,100.0,69.0,63.0,68.0,85.0,4.9,17.0,74.3
S0533,Female,PhD,Yes,No,3.7,77.2,64.0,56.0,48.0,68.0,9.0,25.0,56.5
S0394,Female,High School,Yes,Yes,6.9,65.3,72.0,62.0,74.0,65.0,7.6,26.0,70.9
S0164,Male,PhD,Yes,Yes,5.9,80.0,53.0,65.0,56.0,51.0,6.2,45.0,61.6
S0249,Female,High School,Yes,Yes,5.1,100.0,100.0,80.0,89.0,100.0,6.9,44.0,85.9
S0650,Male,Bachelor,Yes,No,2.7,70.7,70.0,60.0,55.0,45.0,7.6,24.0,64.9
S0903,Female,Bachelor,Yes,Yes,8.3,63.2,77.0,85.0,59.0,68.0,7.0,38.0,80.6
S0685,Female,High School,Yes,No,5.8,90.9,60.0,63.0,54.0,52.0,7.3,18.0,67.5
S0376,Female,High School,Yes,No,10.8,83.0,96.0,71.0,77.0,79.0,6.7,33.0,85.5
S0413,Male,Master,Yes,Yes,2.2,80.9,58.0,58.0,65.0,61.0,6.0,52.0,51.0
S0075,Male,Bachelor,Yes,Yes,8.3,72.2,73.0,64.0,66.0,72.0,7.9,29.0,72.8
S0114,Female,Master,Yes,Yes,5.0,72.2,48.0,47.0,64.0,44.0,6.7,38.0,63.1
S0584,Male,High School,Yes,Yes,4.8,66.8,55.0,55.0,67.0,45.0,,13.0,53.7
S0573,Male,PhD,Yes,No,6.1,86.8,66.0,67.0,57.0,62.0,7.8,9.0,67.4
S0391,Male,High School,Yes,No,,56.5,35.0,66.0,49.0,29.0,18.7,27.0,40.8
S0105,Male,Bachelor,Yes,No,5.0,64.9,66.0,69.0,52.0,68.0,8.7,58.0,65.0
S0115,Female,Master,No,No,5.1,95.4,65.0,86.0,58.0,72.0,5.8,35.0,65.9
S0418,Male,Master,Yes,No,4.6,91.8,57.0,,78.0,65.0,7.2,34.0,68.1
S0669,Male,High School,Yes,No,2.5,77.0,62.0,85.0,59.0,52.0,8.8,18.0,58.4
S0458,Female,High School,Yes,Yes,4.0,83.8,56.0,51.0,71.0,45.0,6.2,31.0,63.0
S0410,Male,Master,Yes,Yes,4.3,68.3,64.0,62.0,38.0,48.0,6.4,32.0,51.7
S0093,Male,High School,Yes,No,4.8,85.5,65.0,72.0,57.0,64.0,5.7,18.0,65.5
S0820,Male,Bachelor,Yes,No,3.9,71.9,47.0,56.0,65.0,45.0,6.5,40.0,56.4
S0090,Male,Bachelor,Yes,No,3.2,88.3,77.0,,63.0,61.0,7.2,30.0,57.1
S0337,Male,Bachelor,Yes,Yes,6.6,91.5,58.0,52.0,60.0,33.0,8.1,39.0,72.2
S0860,Female,Bachelor,Yes,Yes,6.5,78.4,84.0,72.0,64.0,73.0,9.3,20.0,69.0
S0940,Female,Bachelor,Yes,No,7.2,,78.0,80.0,77.0,73.0,6.2,9.0,74.3
S0952,Male,Master,Yes,No,4.0,88.8,70.0,87.0,70.0,84.0,8.2,33.0,74.7
S0884,Male,High School,Yes,Yes,4.0,90.0,50.0,,60.0,42.0,5.4,18.0,55.1
S0621,Female,Master,Yes,Yes,4.9,74.2,73.0,76.0,58.0,56.0,6.3,32.0,66.0
S0790,Male,High School,Yes,Yes,6.7,92.6,68.0,57.0,60.0,78.0,6.6,31.0,65.2
S0627,Male,High School,No,Yes,3.9,68.5,57.0,80.0,55.0,47.0,7.9,27.0,55.8
S0095,Female,Bachelor,Yes,Yes,1.3,58.9,56.0,75.0,48.0,55.0,7.8,46.0,50.1
S0012,Male,High School,,No,5.5,90.4,81.0,80.0,82.0,59.0,4.9,15.0,76.4
S0397,Male,Bachelor,Yes,No,5.1,100.0,55.0,73.0,76.0,68.0,6.0,22.0,66.1
S0546,Female,Bachelor,Yes,Yes,5.2,75.6,67.0,86.0,63.0,59.0,8.4,28.0,69.7
S0044,Female,PhD,Yes,No,3.8,83.6,55.0,84.0,67.0,58.0,6.4,38.0,64.1
S0043,Female,Master,No,Yes,6.2,73.2,51.0,60.0,71.0,66.0,7.4,27.0,67.1
S0168,Male,Bachelor,Yes,No,7.7,84.5,62.0,68.0,68.0,61.0,7.5,45.0,70.0
S0417,Male,High School,Yes,No,7.1,98.5,57.0,80.0,53.0,70.0,7.4,8.0,72.7
S0877,Female,PhD,Yes,Yes,4.4,76.8,52.0,76.0,63.0,58.0,6.3,33.0,60.9
S0427,Female,Bachelor,No,Yes,4.4,83.8,85.0,75.0,78.0,73.0,7.8,32.0,71.1
S0900,Female,Bachelor,Yes,No,4.5,85.3,50.0,49.0,47.0,56.0,7.9,40.0,56.9
S0981,Female,Master,Yes,Yes,7.9,83.0,63.0,80.0,71.0,67.0,7.4,19.0,74.7
S0976,Female,Bachelor,No,No,1.0,70.9,41.0,65.0,54.0,64.0,5.0,30.0,41.3
S0688,Female,Bachelor,Yes,Yes,4.8,83.1,77.0,65.0,75.0,96.0,6.4,41.0,71.3
S0258,Male,High School,Yes,Yes,4.3,83.5,72.0,70.0,58.0,56.0,5.6,58.0,66.0
S0336,Female,,Yes,Yes,2.0,69.5,66.0,68.0,58.0,48.0,7.4,28.0,56.6
S0016,Female,High School,Yes,No,5.2,61.3,68.0,67.0,68.0,47.0,6.8,41.0,56.8
S0645,Female,PhD,Yes,No,4.8,55.0,46.0,59.0,58.0,36.0,3.3,64.0,54.1
S0325,Male,High School,Yes,Yes,5.2,91.3,87.0,78.0,75.0,94.0,6.3,29.0,76.2
S0775,Male,Master,Yes,No,4.5,65.4,59.0,67.0,62.0,55.0,7.4,49.0,64.1
S0223,Male,PhD,Yes,Yes,4.2,86.3,59.0,70.0,56.0,70.0,6.7,21.0,67.7
S0180,Male,High School,No,No,5.4,89.7,50.0,71.0,84.0,53.0,6.7,11.0,62.1
S0661,Female,Master,Yes,No,4.6,59.9,36.0,100.0,52.0,46.0,6.6,31.0,60.5
S0522,Male,PhD,Yes,Yes,4.1,59.3,63.0,64.0,46.0,61.0,8.4,36.0,57.4
S0023,Female,Bachelor,Yes,No,6.8,76.8,80.0,62.0,78.0,84.0,6.7,15.0,83.9
S0357,Male,Master,No,No,5.2,73.0,63.0,77.0,79.0,66.0,9.2,52.0,68.0
S0962,Male,Bachelor,Yes,No,1.9,84.1,61.0,69.0,53.0,68.0,6.3,18.0,55.1
S0906,Male,PhD,Yes,Yes,8.2,93.7,97.0,94.0,81.0,74.0,5.8,34.0,84.8
S0341,Female,Master,Yes,Yes,0.5,73.8,57.0,51.0,53.0,52.0,7.8,46.0,50.1
S0432,Male,Bachelor,Yes,No,6.7,73.0,81.0,63.0,65.0,67.0,6.2,32.0,62.0
S0774,Male,Bachelor,Yes,No,30.3,86.2,75.0,91.0,71.0,90.0,7.1,26.0,70.2
S0851,Male,Master,Yes,No,5.5,100.0,58.0,66.0,50.0,51.0,6.5,35.0,57.8
S0204,Male,Bachelor,Yes,No,6.1,83.1,72.0,83.0,64.0,73.0,7.0,47.0,73.5
S0918,Female,Bachelor,Yes,No,6.4,88.4,74.0,65.0,66.0,83.0,7.6,23.0,71.6
S0094,Female,High School,Yes,No,7.0,78.2,66.0,64.0,76.0,59.0,7.5,46.0,68.0
S0571,Male,Bachelor,Yes,Yes,3.2,72.3,44.0,74.0,43.0,57.0,6.2,31.0,52.1
S0069,Female,Master,Yes,Yes,4.7,77.4,89.0,57.0,77.0,60.0,4.8,30.0,70.2
S0755,Female,High School,,No,6.9,75.9,87.0,69.0,71.0,74.0,,39.0,72.9
S0285,Male,Bachelor,No,No,7.4,72.3,46.0,52.0,65.0,60.0,7.2,22.0,56.7
S0928,Male,High School,Yes,Yes,4.5,92.4,60.0,93.0,70.0,75.0,5.5,37.0,68.3
S0435,Male,Bachelor,Yes,Yes,5.9,69.8,78.0,75.0,71.0,71.0,5.7,27.0,68.2
S0154,Male,Bachelor,Yes,No,4.0,72.6,59.0,78.0,59.0,63.0,8.6,42.0,63.7
S0076,Male,High School,No,No,7.1,78.8,68.0,56.0,67.0,66.0,7.2,58.0,64.6
S0747,Female,High School,Yes,Yes,9.2,,82.0,79.0,88.0,74.0,7.8,12.0,87.2
S0447,Female,Bachelor,Yes,Yes,7.0,79.5,72.0,82.0,62.0,53.0,8.9,9.0,77.8
S0189,Male,Bachelor,Yes,Yes,5.1,77.4,47.0,76.0,53.0,52.0,7.3,31.0,57.4
S0272,Male,High School,Yes,No,1.6,87.0,59.0,48.0,67.0,70.0,5.8,14.0,54.8
S0237,Male,Master,Yes,No,4.9,67.6,49.0,50.0,51.0,51.0,6.5,25.0,49.9
S0488,Female,High School,Yes,Yes,5.9,86.2,67.0,78.0,66.0,61.0,5.9,18.0,67.1
S0118,Male,High School,Yes,Yes,5.3,83.1,45.0,78.0,65.0,55.0,,19.0,58.0
S0836,Female,Bachelor,No,Yes,1.3,79.4,52.0,78.0,41.0,59.0,5.0,26.0,42.0
S0513,Male,Bachelor,Yes,Yes,3.6,55.5,69.0,73.0,78.0,54.0,7.4,29.0,60.6
S0077,Male,Master,Yes,Yes,2.6,66.8,61.0,59.0,49.0,57.0,8.3,42.0,50.7
S0686,Female,Bachelor,Yes,Yes,6.2,65.8,62.0,73.0,50.0,65.0,7.6,4.0,68.4
S0127,Male,Bachelor,Yes,No,7.1,91.8,78.0,94.0,83.0,74.0,,23.0,80.3
S0117,Male,High School,Yes,Yes,7.7,90.0,79.0,69.0,83.0,49.0,7.9,41.0,72.4
S0474,Male,High School,Yes,Yes,9.4,96.4,61.0,64.0,78.0,63.0,7.9,29.0,83.9
S0709,Male,High School,Yes,No,5.8,91.9,66.0,84.0,47.0,62.0,7.5,2.0,68.4
S0058,Female,PhD,Yes,No,7.1,78.6,75.0,77.0,71.0,79.0,8.7,45.0,74.5
S0690,Male,Master,,Yes,5.0,,65.0,70.0,64.0,49.0,5.9,36.0,68.2
S0930,Female,High School,,Yes,4.1,90.1,62.0,62.0,62.0,46.0,6.3,33.0,68.3
S0370,Male,Bachelor,Yes,Yes,5.7,80.0,70.0,,77.0,70.0,7.0,30.0,78.3
S0269,Male,Bachelor,Yes,Yes,5.1,63.6,72.0,77.0,54.0,78.0,9.2,26.0,67.3
S0047,Female,High School,No,No,4.7,90.1,59.0,77.0,87.0,66.0,,34.0,67.2
S0350,Male,High School,Yes,No,5.5,84.9,88.0,82.0,75.0,74.0,,50.0,77.7
S0196,Male,PhD,Yes,No,3.2,79.1,60.0,68.0,52.0,29.0,8.2,25.0,58.2
S0320,Female,Master,Yes,No,5.8,77.6,58.0,56.0,40.0,49.0,6.6,30.0,55.9
S0852,Female,PhD,Yes,Yes,2.6,83.2,69.0,63.0,64.0,52.0,6.8,31.0,57.7
S0707,Female,High School,Yes,No,5.2,56.7,52.0,71.0,56.0,53.0,6.7,39.0,56.5
S0753,Male,Master,Yes,Yes,,71.5,57.0,69.0,68.0,56.0,6.6,26.0,78.4
S0264,Female,Bachelor,Yes,Yes,4.3,83.2,56.0,75.0,66.0,52.0,7.0,19.0,59.4
S0444,Female,Bachelor,Yes,No,4.0,75.1,70.0,78.0,74.0,81.0,4.8,43.0,61.3
S0959,Male,Master,Yes,Yes,4.5,83.8,64.0,83.0,63.0,69.0,6.5,19.0,64.3
S0305,Female,Bachelor,Yes,Yes,4.9,63.0,69.0,60.0,57.0,48.0,5.8,67.0,52.7
S0342,Male,High School,Yes,Yes,4.6,81.0,68.0,69.0,65.0,60.0,8.8,21.0,74.5
S0614,Female,Master,No,Yes,1.1,89.2,66.0,67.0,68.0,63.0,6.3,14.0,55.3
S0987,Female,Bachelor,No,Yes,5.8,71.7,46.0,60.0,51.0,46.0,6.0,52.0,53.4
S0150,Male,High School,Yes,Yes,4.4,84.3,53.0,82.0,51.0,54.0,7.7,16.0,58.9
S0125,Female,High School,Yes,Yes,8.9,85.7,74.0,77.0,62.0,75.0,5.9,10.0,81.2
S0803,Female,Bachelor,No,Yes,9.4,98.0,64.0,73.0,49.0,74.0,6.6,16.0,76.6
S0870,Male,Master,No,No,3.4,93.9,66.0,81.0,63.0,68.0,8.0,32.0,77.2
S0051,Female,PhD,Yes,No,5.1,76.7,63.0,70.0,67.0,59.0,7.4,14.0,62.2
S0354,Female,Master,Yes,No,5.8,83.6,71.0,64.0,68.0,86.0,8.2,23.0,67.8
S0946,Male,Bachelor,Yes,No,4.7,62.3,54.0,50.0,56.0,61.0,6.3,44.0,58.2
S0143,Female,Bachelor,Yes,No,4.2,74.9,36.0,62.0,39.0,39.0,7.2,68.0,42.4
S0471,Male,Master,Yes,Yes,5.4,78.8,78.0,81.0,55.0,67.0,8.1,32.0,70.2
S0400,Male,Bachelor,Yes,No,1.8,66.5,56.0,86.0,45.0,53.0,6.4,37.0,43.1
S0717,Male,Master,Yes,Yes,2.2,66.1,53.0,58.0,44.0,71.0,7.1,2.0,62.8
S0321,Male,PhD,No,Yes,6.1,86.8,72.0,77.0,70.0,83.0,4.8,32.0,75.9
S0020,Male,High School,Yes,Yes,3.4,78.0,70.0,46.0,72.0,66.0,7.0,61.0,58.9
S0827,Female,High School,Yes,No,,80.3,60.0,63.0,71.0,80.0,6.6,35.0,56.9
S0807,Female,High School,No,Yes,5.6,67.5,64.0,72.0,69.0,72.0,5.8,32.0,56.8
S0826,Female,Master,Yes,Yes,6.0,69.7,77.0,76.0,64.0,61.0,4.9,22.0,71.3
S0408,Male,Bachelor,Yes,Yes,8.1,,83.0,78.0,59.0,70.0,7.5,10.0,76.2
S0538,Male,,Yes,Yes,5.3,86.8,93.0,69.0,76.0,69.0,6.2,30.0,77.0
S0636,Male,Bachelor,No,No,0.5,84.4,69.0,73.0,69.0,53.0,6.4,7.0,61.8
S0039,Male,Master,No,Yes,2.7,84.2,67.0,73.0,62.0,40.0,6.7,16.0,60.3
S0176,Female,Master,No,No,3.0,78.9,66.0,69.0,80.0,74.0,8.2,22.0,66.1
S0246,Male,High School,Yes,Yes,4.7,58.8,51.0,60.0,31.0,54.0,7.1,31.0,54.9
S0846,Male,Master,Yes,No,5.5,88.5,84.0,62.0,65.0,81.0,9.0,21.0,75.2
S0683,Female,Master,Yes,Yes,7.6,79.9,79.0,69.0,72.0,67.0,6.0,23.0,70.0
S0771,Male,High School,Yes,Yes,5.4,81.2,87.0,63.0,70.0,87.0,6.5,31.0,71.4
S0969,Male,Master,Yes,No,8.1,91.1,74.0,83.0,71.0,77.0,7.2,31.0,76.7
S0155,Male,Bachelor,Yes,Yes,5.9,81.2,62.0,65.0,73.0,62.0,7.8,40.0,78.3
S0288,Male,Bachelor,Yes,No,5.6,89.6,52.0,69.0,76.0,67.0,5.9,2.0,69.5
S0618,Female,Master,Yes,Yes,5.2,88.7,69.0,82.0,69.0,57.0,8.3,45.0,71.5
S0570,Female,Bachelor,Yes,No,4.6,83.0,57.0,74.0,66.0,65.0,7.1,25.0,66.8
S0760,Male,High School,Yes,No,5.6,80.7,66.0,79.0,63.0,63.0,3.4,50.0,57.1
S0018,Female,High School,Yes,Yes,7.0,86.9,52.0,76.0,46.0,46.0,7.9,2.0,63.7
S0128,Female,Master,Yes,No,5.6,68.8,50.0,58.0,53.0,48.0,7.2,30.0,58.8
S0323,Female,High School,Yes,Yes,3.1,96.2,81.0,77.0,68.0,78.0,5.5,16.0,68.1
S0256,Female,Master,No,Yes,3.1,97.7,79.0,77.0,60.0,72.0,5.3,22.0,69.5
S0689,Male,High School,Yes,Yes,5.9,73.8,51.0,75.0,54.0,62.0,7.3,34.0,56.0
S0985,Female,High School,Yes,Yes,2.0,72.7,59.0,69.0,59.0,51.0,8.2,4.0,51.9
S0191,Male,High School,Yes,No,6.3,90.3,75.0,78.0,88.0,79.0,6.8,29.0,73.9
S0116,Male,High School,No,Yes,0.5,92.8,59.0,70.0,56.0,66.0,8.2,38.0,51.7
S0632,Female,Master,Yes,Yes,5.1,94.1,95.0,98.0,88.0,65.0,10.0,48.0,85.0
S0607,Female,Bachelor,Yes,No,4.1,88.7,67.0,61.0,81.0,63.0,5.5,49.0,61.8
S0181,Female,Master,Yes,No,10.0,80.3,70.0,74.0,70.0,80.0,4.9,26.0,76.2
S0302,Female,High School,Yes,No,8.3,84.7,47.0,51.0,54.0,37.0,6.8,21.0,53.7
S0941,Male,High School,Yes,No,5.8,100.0,71.0,67.0,64.0,57.0,5.9,16.0,73.7
S0729,Female,High School,Yes,No,0.5,83.2,45.0,61.0,65.0,60.0,8.1,42.0,55.4
S0740,Male,Master,Yes,Yes,4.7,80.7,42.0,50.0,38.0,41.0,8.3,43.0,56.9
S0974,Female,,Yes,No,6.0,81.5,91.0,75.0,58.0,64.0,7.6,32.0,72.7
S0788,Female,,Yes,No,6.6,87.1,62.0,77.0,64.0,64.0,5.9,22.0,67.7
S0518,Male,Bachelor,Yes,No,4.4,86.0,68.0,62.0,55.0,66.0,4.7,20.0,55.5
S0412,Female,High School,,Yes,0.5,68.2,47.0,54.0,41.0,26.0,8.8,18.0,41.7
S0046,Male,Master,Yes,No,5.7,73.2,67.0,61.0,67.0,52.0,5.4,36.0,59.5
S0927,Male,Bachelor,Yes,Yes,4.7,85.8,61.0,87.0,53.0,60.0,6.4,36.0,58.9
S0158,Female,High School,No,Yes,2.4,83.2,70.0,64.0,78.0,71.0,6.6,51.0,64.9
S0761,Female,High School,No,Yes,7.0,93.9,70.0,95.0,58.0,98.0,6.3,36.0,80.5
S0172,Female,High School,No,Yes,5.2,87.9,74.0,81.0,63.0,74.0,7.3,13.0,71.7
S0017,Female,Bachelor,Yes,No,5.3,81.5,69.0,85.0,73.0,60.0,6.1,19.0,68.5
S0512,Male,Bachelor,Yes,Yes,4.2,84.5,58.0,76.0,71.0,47.0,6.7,58.0,61.8
S0049,Female,High School,Yes,No,6.3,74.5,70.0,68.0,70.0,75.0,8.2,71.0,68.6
S0992,Male,Master,Yes,No,5.8,63.3,84.0,81.0,74.0,65.0,8.8,31.0,79.3
S0858,Male,Bachelor,No,No,7.2,82.8,65.0,66.0,74.0,63.0,8.7,25.0,72.0
S0516,Female,PhD,No,No,8.0,89.3,82.0,78.0,49.0,46.0,7.0,53.0,77.2
S0912,Male,High School,,Yes,5.6,,68.0,60.0,65.0,80.0,5.4,42.0,69.7
S0481,Female,Bachelor,Yes,No,6.2,82.9,63.0,69.0,53.0,58.0,7.4,29.0,64.2
S0284,Male,Bachelor,Yes,No,4.2,68.7,63.0,65.0,62.0,72.0,7.7,37.0,61.2
S0735,Male,Master,Yes,No,3.8,86.3,73.0,82.0,70.0,56.0,6.7,21.0,63.9
S0670,Male,High School,No,No,1.2,64.3,48.0,67.0,55.0,31.0,8.1,30.0,43.1
S0226,Female,High School,Yes,No,3.4,63.6,64.0,60.0,57.0,60.0,7.6,31.0,59.2
S0027,Female,Bachelor,Yes,No,4.9,94.1,72.0,67.0,64.0,72.0,7.3,51.0,72.6
S0799,Female,High School,Yes,No,5.2,84.0,82.0,,69.0,74.0,5.2,19.0,69.4
S0438,Female,Bachelor,Yes,No,8.5,78.8,44.0,72.0,51.0,56.0,7.8,34.0,64.3
S0970,Male,High School,Yes,Yes,4.4,89.9,67.0,65.0,57.0,48.0,5.8,49.0,53.7
S0365,Male,,Yes,Yes,3.1,82.9,77.0,57.0,74.0,59.0,5.5,42.0,64.4
S0230,Female,High School,Yes,Yes,1.5,82.0,76.0,60.0,59.0,59.0,7.3,15.0,65.1
S0038,Male,Bachelor,Yes,Yes,9.2,79.1,75.0,66.0,57.0,48.0,6.9,14.0,75.8
S0986,Male,High School,Yes,Yes,6.7,95.4,70.0,83.0,67.0,52.0,4.6,25.0,65.2
S0375,Female,Master,Yes,No,2.8,79.4,67.0,82.0,82.0,54.0,5.5,30.0,57.4
S0470,Male,High School,Yes,No,0.5,75.7,48.0,59.0,73.0,41.0,6.8,46.0,45.7
S0988,Male,Bachelor,Yes,No,4.7,98.7,66.0,82.0,72.0,44.0,7.1,29.0,76.7
S0868,Female,Master,Yes,Yes,5.9,86.8,61.0,62.0,53.0,51.0,5.3,31.0,66.6
S0909,Male,Bachelor,Yes,No,7.3,80.6,58.0,85.0,67.0,50.0,7.3,49.0,65.3
S0742,Male,Bachelor,Yes,Yes,5.1,83.1,74.0,74.0,75.0,69.0,7.4,30.0,69.1
S0195,Male,Bachelor,No,No,4.9,85.5,53.0,63.0,61.0,60.0,9.0,14.0,61.5
S0935,Female,High School,No,Yes,9.2,78.4,69.0,72.0,54.0,80.0,6.7,38.0,73.3
S0882,Female,High School,Yes,No,6.7,85.4,75.0,85.0,63.0,68.0,6.2,48.0,67.0
S0504,Male,Bachelor,Yes,Yes,3.0,58.2,60.0,72.0,65.0,51.0,7.1,15.0,48.0
S0990,Male,Master,Yes,No,6.5,77.3,62.0,70.0,54.0,63.0,7.7,2.0,66.7
S0848,Female,High School,No,Yes,4.8,93.0,68.0,82.0,57.0,43.0,7.4,50.0,67.0
S0580,Male,High School,Yes,No,,67.1,58.0,76.0,79.0,73.0,7.5,30.0,69.6
S0989,Male,Bachelor,Yes,No,2.3,77.6,53.0,72.0,65.0,75.0,8.9,33.0,58.4
S0163,Female,Master,Yes,Yes,6.1,94.2,95.0,79.0,79.0,81.0,7.7,17.0,80.7
S0718,Male,Bachelor,Yes,Yes,5.6,64.9,79.0,79.0,70.0,70.0,5.3,33.0,66.6
S0153,Male,Bachelor,Yes,No,6.2,62.1,51.0,42.0,41.0,33.0,8.8,56.0,58.5
S0697,Male,Bachelor,Yes,Yes,5.9,72.8,36.0,69.0,45.0,47.0,6.7,32.0,52.4
S0716,Male,Bachelor,No,Yes,7.2,69.3,64.0,62.0,51.0,49.0,5.3,29.0,55.8
S0929,Male,,Yes,No,4.5,71.3,67.0,70.0,58.0,75.0,4.6,25.0,60.7
S0112,Male,High School,Yes,Yes,1.5,86.6,72.0,67.0,64.0,64.0,6.9,50.0,60.4
S0227,Male,High School,No,Yes,,89.6,89.0,81.0,72.0,92.0,9.3,33.0,79.4
S0704,Female,Bachelor,Yes,No,3.9,86.3,62.0,76.0,55.0,45.0,6.6,28.0,63.3
S0104,Female,High School,No,No,5.6,86.9,62.0,79.0,71.0,67.0,7.2,17.0,70.2
S0422,Male,Bachelor,Yes,No,8.4,81.7,57.0,86.0,48.0,49.0,6.9,16.0,67.1
S0420,Male,Master,Yes,Yes,30.9,95.8,87.0,84.0,85.0,77.0,8.2,48.0,82.2
S0849,Female,High School,Yes,No,30.0,57.1,66.0,70.0,57.0,65.0,8.6,58.0,71.5
S0587,Male,High School,Yes,No,3.0,60.5,57.0,74.0,55.0,60.0,,3.0,50.3
S0797,Male,Bachelor,Yes,No,5.2,93.0,79.0,62.0,65.0,60.0,6.8,24.0,73.7
S0673,Female,Bachelor,Yes,Yes,4.2,92.1,65.0,79.0,60.0,40.0,7.0,33.0,62.8
S0120,Female,PhD,Yes,Yes,6.8,85.3,63.0,71.0,64.0,65.0,5.9,52.0,68.0
S0054,Female,,Yes,No,4.9,85.7,66.0,64.0,62.0,55.0,5.8,37.0,57.0
S0152,Male,Bachelor,Yes,Yes,4.5,88.3,56.0,70.0,48.0,59.0,6.3,5.0,65.0
S0404,Male,High School,Yes,No,1.5,76.5,64.0,80.0,52.0,55.0,4.1,25.0,48.0
S0964,Male,Master,Yes,No,5.5,96.7,55.0,74.0,56.0,66.0,7.3,3.0,66.8
S0208,Male,High School,Yes,No,3.1,77.2,58.0,59.0,56.0,41.0,8.0,41.0,45.7
S0659,Female,High School,Yes,No,10.0,,77.0,73.0,61.0,65.0,6.5,6.0,78.8
S0884,Male,High School,Yes,Yes,4.0,90.0,50.0,,60.0,42.0,5.4,18.0,55.1
S0779,Male,High School,Yes,No,2.4,74.7,66.0,83.0,61.0,61.0,8.2,16.0,56.1
S0009,Male,High School,Yes,Yes,3.1,84.3,75.0,82.0,63.0,64.0,6.4,42.0,70.6
S0825,Male,High School,Yes,No,1.0,79.0,44.0,60.0,39.0,49.0,7.5,29.0,40.2
S0037,Female,Bachelor,Yes,Yes,4.3,,65.0,78.0,54.0,48.0,7.3,2.0,58.2
S0453,Male,Bachelor,Yes,No,6.0,89.2,82.0,97.0,92.0,78.0,5.9,62.0,80.2
S0652,Female,Master,Yes,Yes,5.1,82.4,62.0,81.0,60.0,77.0,6.5,24.0,69.6
S0254,Female,Master,No,Yes,2.9,66.1,53.0,57.0,74.0,46.0,6.4,2.0,58.2
S0304,Male,Master,Yes,No,4.0,75.3,66.0,83.0,59.0,58.0,9.2,50.0,69.4
S0763,Male,High School,Yes,No,6.7,81.7,66.0,69.0,70.0,73.0,8.4,42.0,71.3
S0572,Male,Bachelor,Yes,No,,87.4,59.0,82.0,64.0,48.0,7.3,11.0,64.3
S0624,Male,Bachelor,No,No,4.6,76.0,65.0,63.0,63.0,65.0,8.6,2.0,60.3
S0859,Male,High School,Yes,No,7.0,62.6,53.0,63.0,48.0,41.0,5.0,58.0,57.5
S0759,Female,,Yes,No,3.4,81.1,67.0,76.0,76.0,68.0,7.5,11.0,68.6
S0263,Male,High School,Yes,No,3.7,94.1,72.0,79.0,62.0,86.0,8.8,58.0,65.6
S0611,Male,Master,Yes,Yes,2.5,74.3,63.0,65.0,66.0,67.0,7.4,39.0,66.4
S0298,Male,Bachelor,Yes,Yes,5.4,88.5,74.0,74.0,64.0,47.0,5.7,10.0,66.6
S0415,Male,Master,No,Yes,6.5,85.2,67.0,78.0,71.0,66.0,5.6,24.0,69.1
S0151,Female,High School,Yes,Yes,6.5,83.6,60.0,78.0,65.0,51.0,7.9,37.0,71.8
S0862,Female,High School,Yes,Yes,4.5,73.7,49.0,57.0,39.0,58.0,5.6,48.0,50.6
S0641,Male,Bachelor,Yes,No,3.7,60.5,57.0,68.0,31.0,50.0,6.5,2.0,50.9
S0907,Male,High School,Yes,Yes,6.6,66.6,56.0,68.0,55.0,64.0,8.4,27.0,56.5
S0551,Female,High School,Yes,No,5.7,95.4,65.0,74.0,69.0,76.0,6.8,53.0,69.1
S0808,Female,Bachelor,Yes,No,2.5,64.4,65.0,67.0,53.0,56.0,4.8,31.0,58.7
S0489,Male,High School,Yes,No,6.3,,47.0,88.0,48.0,71.0,8.2,30.0,59.1
S0711,Male,High School,Yes,Yes,0.5,83.1,71.0,81.0,72.0,69.0,6.8,32.0,67.7
S0148,Female,Bachelor,Yes,Yes,3.9,71.7,52.0,83.0,76.0,57.0,6.8,30.0,63.3
S0147,Male,Master,No,Yes,0.5,72.7,47.0,66.0,59.0,70.0,7.6,24.0,49.8
S0737,Male,Bachelor,Yes,No,3.4,59.9,74.0,63.0,67.0,67.0,,34.0,62.4
S0950,Female,Master,Yes,No,4.5,58.2,28.0,29.0,42.0,15.0,6.0,27.0,38.4
S0756,Female,PhD,Yes,Yes,7.1,87.7,72.0,94.0,78.0,80.0,7.7,34.0,82.8
S0660,Male,Bachelor,Yes,Yes,5.4,80.4,54.0,80.0,52.0,48.0,6.5,33.0,62.3
S0349,Male,Bachelor,Yes,No,3.8,66.7,60.0,64.0,52.0,31.0,6.8,49.0,56.5
S0464,Male,Master,No,Yes,1.6,69.9,44.0,74.0,52.0,49.0,7.0,17.0,45.5
S0326,Female,Bachelor,,No,5.9,76.0,69.0,80.0,70.0,61.0,7.8,37.0,75.1
S0187,Female,High School,,No,3.1,80.0,67.0,79.0,37.0,66.0,5.9,34.0,53.8
S0124,Male,Bachelor,Yes,No,9.6,85.2,74.0,86.0,86.0,70.0,6.6,20.0,85.8
S0871,Female,High School,Yes,No,3.6,74.9,64.0,66.0,59.0,76.0,8.6,63.0,59.4
S0609,Female,Master,Yes,Yes,1.4,78.4,39.0,76.0,46.0,48.0,7.0,34.0,57.5
S0144,Male,Master,Yes,Yes,7.3,91.5,64.0,71.0,51.0,73.0,5.2,26.0,70.0
S0979,Male,High School,No,Yes,4.9,67.1,53.0,61.0,40.0,52.0,7.1,27.0,55.0
S0198,Female,Bachelor,Yes,No,3.3,84.1,57.0,66.0,59.0,69.0,5.6,13.0,62.1
S0610,Male,High School,No,No,5.4,100.0,71.0,68.0,73.0,78.0,5.7,22.0,76.7
S0280,Female,Master,Yes,Yes,6.1,89.1,76.0,66.0,55.0,49.0,7.2,29.0,64.7
S0294,Male,Master,Yes,No,3.4,68.5,43.0,51.0,51.0,34.0,6.0,31.0,47.0
S0401,Female,High School,Yes,Yes,1.0,81.0,65.0,90.0,62.0,68.0,5.7,2.0,60.2
S0123,Male,Master,Yes,Yes,5.9,75.4,66.0,78.0,73.0,60.0,7.9,37.0,79.0
S0184,Female,Bachelor,Yes,No,4.8,92.5,88.0,61.0,74.0,83.0,7.6,36.0,80.0
S0203,Male,High School,Yes,No,2.7,88.9,57.0,66.0,73.0,63.0,10.0,33.0,71.0
S0439,Male,Bachelor,No,Yes,,94.9,66.0,65.0,55.0,45.0,4.8,25.0,53.1
S0247,Male,Master,Yes,No,5.7,78.0,51.0,57.0,53.0,59.0,7.5,32.0,54.0
S0416,Male,PhD,Yes,Yes,7.0,89.6,65.0,77.0,64.0,76.0,5.2,13.0,74.6
S0793,Female,High School,No,No,6.2,89.4,69.0,91.0,61.0,66.0,4.6,21.0,64.6
S0782,Male,High School,Yes,No,3.8,88.5,65.0,75.0,70.0,60.0,9.6,15.0,69.9
S0924,Female,High School,Yes,Yes,4.5,91.1,61.0,59.0,51.0,51.0,5.6,23.0,52.8
S0785,Female,Master,Yes,Yes,3.6,,55.0,74.0,81.0,58.0,5.2,23.0,65.5
S0905,Male,Master,Yes,Yes,2.4,60.4,68.0,65.0,44.0,51.0,5.0,10.0,44.1
S0130,Male,Master,Yes,Yes,5.5,90.0,56.0,69.0,65.0,55.0,6.3,49.0,63.5
S0638,Male,Bachelor,Yes,No,2.8,64.1,53.0,70.0,42.0,53.0,9.5,21.0,48.2
S0403,Male,Bachelor,Yes,No,4.0,76.8,65.0,80.0,82.0,68.0,6.5,28.0,69.0
S0801,Male,Bachelor,Yes,Yes,1.2,83.6,64.0,64.0,58.0,55.0,7.1,45.0,57.6
S0787,Female,High School,Yes,No,7.4,,63.0,59.0,75.0,46.0,9.1,29.0,66.0
S0736,Female,Bachelor,No,No,1.3,86.8,71.0,71.0,58.0,59.0,5.4,30.0,54.1
S0931,Female,Bachelor,Yes,Yes,5.3,138.2,62.0,67.0,59.0,55.0,7.6,34.0,59.9
S0220,Male,High School,No,No,2.6,80.1,64.0,36.0,58.0,70.0,4.2,11.0,51.1
S0642,Male,Bachelor,No,No,9.4,90.7,69.0,,74.0,72.0,6.6,21.0,73.5
S0933,Female,Bachelor,Yes,No,5.3,86.1,85.0,72.0,68.0,74.0,7.1,40.0,74.6
S0853,Male,High School,No,Yes,7.5,74.2,74.0,74.0,57.0,66.0,5.8,56.0,69.8
S0824,Female,PhD,Yes,No,4.9,71.4,45.0,55.0,40.0,48.0,7.4,17.0,55.0
S0938,Male,,Yes,No,4.9,71.1,74.0,72.0,58.0,76.0,6.4,14.0,71.7
S0625,Female,High School,Yes,Yes,5.3,88.2,57.0,74.0,64.0,66.0,9.1,31.0,65.2
S0856,Male,Bachelor,Yes,Yes,3.1,91.2,62.0,60.0,64.0,74.0,8.2,19.0,65.5
S0951,Male,Bachelor,Yes,Yes,2.3,63.3,42.0,59.0,55.0,41.0,7.6,20.0,38.6
S0387,Female,High School,Yes,No,5.1,79.8,69.0,62.0,57.0,66.0,5.7,53.0,59.9
S0993,Male,Master,Yes,No,6.4,90.8,84.0,93.0,84.0,87.0,5.4,20.0,85.5
S0510,Female,PhD,Yes,No,6.1,65.8,64.0,72.0,48.0,71.0,4.7,41.0,63.5
S0268,Female,High School,Yes,Yes,7.4,76.3,66.0,67.0,76.0,65.0,7.9,33.0,64.8
S0837,Female,High School,Yes,Yes,0.7,88.6,66.0,56.0,61.0,63.0,5.1,16.0,56.6
S0442,Female,Bachelor,Yes,Yes,2.6,83.2,67.0,72.0,52.0,71.0,6.7,55.0,67.4
S0497,Female,Bachelor,Yes,Yes,4.2,,45.0,51.0,45.0,57.0,,26.0,46.9
S0113,Female,Master,Yes,Yes,2.6,66.2,66.0,61.0,67.0,51.0,7.6,48.0,47.1
S0692,Male,Bachelor,,No,4.1,87.3,51.0,63.0,57.0,53.0,6.6,36.0,46.5
S0233,Female,High School,Yes,Yes,3.9,84.2,67.0,63.0,71.0,60.0,4.1,61.0,67.2
S0887,Male,High School,Yes,Yes,8.7,81.4,76.0,53.0,69.0,74.0,5.1,27.0,74.1
S0608,Female,Master,No,Yes,2.1,75.0,77.0,75.0,60.0,57.0,6.9,2.0,59.1
S0672,Male,Bachelor,Yes,Yes,7.3,76.3,72.0,60.0,60.0,63.0,6.3,10.0,68.5
S0374,Male,Master,No,No,4.7,81.4,78.0,61.0,80.0,73.0,6.4,34.0,66.2
S0738,Male,Master,Yes,No,7.7,83.4,63.0,61.0,80.0,70.0,7.1,18.0,73.7
S0860,Female,Bachelor,Yes,Yes,6.5,78.4,84.0,72.0,64.0,73.0,9.3,20.0,69.0
S0234,Female,High School,No,No,11.0,95.0,72.0,72.0,78.0,68.0,6.3,10.0,79.1
S0802,Female,Master,Yes,Yes,3.0,73.7,46.0,66.0,71.0,60.0,4.3,46.0,58.3
S0677,Male,Bachelor,Yes,Yes,6.1,100.0,91.0,95.0,72.0,71.0,6.9,30.0,78.4
S0318,Female,Bachelor,Yes,Yes,2.3,69.9,58.0,53.0,58.0,56.0,5.2,33.0,50.7
S0649,Female,High School,Yes,No,3.8,67.8,69.0,96.0,60.0,65.0,8.3,54.0,64.3
S0411,Female,Master,Yes,No,1.8,70.1,45.0,37.0,44.0,46.0,6.7,46.0,46.5
S0916,Female,Bachelor,Yes,No,3.6,89.0,86.0,61.0,67.0,64.0,5.9,32.0,72.0
S0710,Male,Bachelor,Yes,No,5.2,98.3,62.0,80.0,73.0,76.0,6.6,39.0,65.8
S0359,Female,High School,Yes,No,5.5,88.1,52.0,61.0,54.0,59.0,7.1,17.0,58.0
S0259,Male,Bachelor,No,Yes,3.7,71.3,76.0,61.0,68.0,71.0,6.3,39.0,60.0
S0745,Male,Bachelor,Yes,No,4.7,82.7,76.0,58.0,67.0,44.0,6.1,34.0,59.0
S0628,Male,Bachelor,Yes,No,6.2,135.7,89.0,93.0,74.0,67.0,5.3,23.0,75.4
S0633,Male,Bachelor,Yes,Yes,4.2,82.5,59.0,73.0,69.0,62.0,7.4,29.0,62.6
S0283,Female,Bachelor,Yes,Yes,4.0,100.0,69.0,69.0,72.0,68.0,7.4,31.0,79.4
S0377,Female,High School,Yes,No,3.6,77.6,58.0,73.0,60.0,68.0,6.6,7.0,64.3
S0385,Female,PhD,Yes,Yes,0.5,68.3,49.0,33.0,48.0,52.0,5.7,29.0,46.4
S0225,Female,Master,Yes,Yes,4.9,78.9,76.0,65.0,66.0,42.0,8.7,34.0,66.6
S0974,Female,,Yes,No,6.0,81.5,91.0,75.0,58.0,64.0,7.6,32.0,72.7
S0966,Female,High School,Yes,Yes,,83.7,55.0,55.0,74.0,54.0,7.6,7.0,53.1
S0473,Female,High School,Yes,Yes,5.1,79.8,65.0,63.0,66.0,63.0,7.0,35.0,57.9
S0348,Male,Bachelor,Yes,No,5.3,94.7,62.0,73.0,71.0,53.0,7.6,31.0,70.1
S0506,Male,High School,Yes,Yes,5.1,67.2,54.0,61.0,47.0,57.0,6.6,23.0,58.1
S0640,Female,Bachelor,Yes,No,4.5,72.9,72.0,89.0,75.0,73.0,7.4,20.0,67.7
S0514,Female,High School,No,Yes,4.6,90.6,65.0,68.0,56.0,64.0,5.3,31.0,58.2
S0798,Male,Master,Yes,Yes,6.6,79.3,69.0,70.0,63.0,57.0,7.6,16.0,65.3
S0947,Female,High School,Yes,No,4.6,87.8,55.0,67.0,65.0,56.0,,41.0,66.2
S0923,Male,High School,,No,3.4,75.4,67.0,58.0,66.0,58.0,8.3,35.0,51.6
S0620,Female,Bachelor,Yes,No,7.0,80.7,83.0,82.0,65.0,74.0,5.3,11.0,68.0
S0873,Female,High School,Yes,Yes,8.0,73.9,71.0,77.0,69.0,63.0,,54.0,72.7
S0821,Male,Master,Yes,No,7.5,84.1,57.0,65.0,56.0,54.0,8.4,17.0,63.3
S0646,Male,Master,No,No,5.7,97.8,68.0,69.0,54.0,76.0,9.9,51.0,67.8
S0864,Male,High School,Yes,Yes,5.3,70.1,60.0,77.0,56.0,64.0,8.6,32.0,71.2
S0557,Female,Master,No,No,4.9,71.9,63.0,65.0,40.0,58.0,7.0,11.0,57.9
S0978,Female,High School,No,No,2.5,67.8,41.0,78.0,73.0,68.0,8.3,20.0,52.9
S0578,Female,High School,Yes,No,4.4,84.5,75.0,76.0,54.0,58.0,6.0,21.0,65.9
S0796,Male,Bachelor,No,Yes,5.0,79.1,55.0,75.0,53.0,61.0,7.5,28.0,53.0
S0086,Male,High School,No,No,7.0,83.1,62.0,81.0,52.0,72.0,7.1,17.0,65.2
S0243,Female,Bachelor,Yes,Yes,3.9,68.5,36.0,53.0,59.0,72.0,7.8,51.0,56.7
S0699,Male,PhD,Yes,No,4.4,73.5,52.0,58.0,64.0,66.0,6.1,32.0,60.1
S0160,Female,Bachelor,No,No,5.7,74.7,56.0,53.0,48.0,45.0,4.9,48.0,51.6
S0525,Male,High School,Yes,No,10.3,88.2,79.0,62.0,62.0,90.0,8.9,8.0,79.7
S0036,Male,Bachelor,Yes,No,5.9,92.9,81.0,73.0,67.0,70.0,7.8,11.0,72.5
S0541,Female,Bachelor,No,Yes,0.8,73.2,58.0,64.0,40.0,57.0,4.2,35.0,40.2
S0171,Male,PhD,Yes,Yes,4.6,88.8,56.0,,65.0,62.0,5.6,30.0,57.6
S0655,Female,Master,Yes,No,8.1,70.6,70.0,73.0,71.0,51.0,8.7,27.0,66.7
S0908,Female,High School,Yes,No,4.6,84.9,49.0,47.0,51.0,50.0,6.7,24.0,56.2
S0875,Female,PhD,Yes,Yes,7.1,89.4,43.0,64.0,49.0,52.0,7.6,55.0,65.1
S0865,Female,Bachelor,Yes,No,7.4,59.7,60.0,57.0,61.0,61.0,7.3,4.0,63.2
S0963,Female,High School,Yes,No,2.5,74.9,58.0,52.0,64.0,47.0,5.9,26.0,50.1
S0734,Male,Bachelor,No,No,3.0,93.6,63.0,91.0,76.0,68.0,5.2,13.0,63.2
S0096,Female,Bachelor,Yes,Yes,3.4,76.9,57.0,57.0,52.0,48.0,6.3,49.0,53.5
S0564,Female,High School,Yes,No,5.2,67.5,62.0,60.0,58.0,49.0,7.6,24.0,61.2
S0241,Male,Bachelor,Yes,No,3.4,79.1,60.0,77.0,58.0,39.0,6.4,42.0,66.1
S0743,Male,High School,Yes,No,2.3,64.1,51.0,63.0,52.0,46.0,8.0,16.0,45.4
S0575,Male,High School,,No,2.0,85.9,72.0,52.0,87.0,64.0,5.9,19.0,63.7
S0691,Male,High School,Yes,No,2.4,,69.0,81.0,51.0,62.0,7.5,33.0,62.2
S0461,Female,Master,Yes,Yes,2.3,96.9,66.0,67.0,72.0,67.0,6.9,23.0,64.7
S0554,Female,Bachelor,Yes,Yes,3.8,67.9,78.0,86.0,83.0,89.0,5.8,24.0,71.8
S0896,Female,Master,Yes,Yes,9.9,84.2,80.0,74.0,78.0,83.0,6.6,36.0,88.8
S0207,Male,High School,No,Yes,2.2,86.1,58.0,72.0,63.0,50.0,,2.0,55.7
S0393,Male,Bachelor,Yes,No,3.5,75.8,68.0,83.0,59.0,59.0,7.8,50.0,56.9
S0795,Male,Bachelor,Yes,No,4.3,68.4,48.0,55.0,44.0,50.0,7.4,2.0,49.2
S0398,Female,Master,Yes,No,7.8,77.6,64.0,83.0,52.0,51.0,8.6,35.0,76.5
S0767,Female,Master,Yes,No,2.7,85.4,65.0,58.0,78.0,57.0,6.3,24.0,58.5
S0866,Male,Bachelor,Yes,No,4.2,72.9,72.0,74.0,71.0,66.0,6.7,19.0,62.9
S0218,Female,Master,No,No,6.4,72.4,72.0,77.0,71.0,62.0,7.1,9.0,65.9
S0005,Female,Bachelor,Yes,Yes,5.1,64.2,47.0,36.0,55.0,37.0,6.2,49.0,47.9
S0769,Male,Bachelor,No,Yes,3.5,74.8,58.0,63.0,45.0,42.0,7.1,7.0,48.3
S0643,Female,Master,Yes,No,,92.9,86.0,84.0,89.0,65.0,8.9,37.0,87.3
S0915,Female,Bachelor,No,Yes,4.5,95.6,62.0,85.0,71.0,65.0,7.4,44.0,67.2
S0613,Male,PhD,Yes,No,0.5,60.8,65.0,41.0,49.0,68.0,7.3,35.0,48.7
S0739,Female,Master,Yes,No,8.2,90.6,61.0,56.0,58.0,44.0,6.6,29.0,74.1
S0547,Female,High School,Yes,Yes,6.3,75.9,71.0,65.0,67.0,58.0,7.1,41.0,66.3
S0726,Female,Bachelor,Yes,No,4.9,72.4,81.0,77.0,77.0,87.0,5.6,26.0,76.5
S0684,Female,PhD,Yes,No,7.9,81.3,49.0,74.0,67.0,49.0,6.2,34.0,69.1
S0099,Female,Bachelor,Yes,Yes,8.2,81.7,53.0,90.0,72.0,53.0,5.8,32.0,73.7
S0805,Male,High School,Yes,No,5.6,84.3,86.0,75.0,74.0,66.0,6.6,23.0,69.8
S0728,Female,Bachelor,Yes,Yes,4.4,74.5,74.0,75.0,65.0,68.0,9.7,13.0,70.3
S0574,Male,High School,Yes,No,4.7,48.6,51.0,67.0,66.0,61.0,7.3,33.0,58.7
S0407,Female,Bachelor,Yes,Yes,2.9,72.5,60.0,82.0,60.0,58.0,7.9,33.0,59.8
S0503,Female,,Yes,No,,76.2,59.0,58.0,56.0,60.0,5.2,22.0,53.6
S0048,Female,Bachelor,Yes,Yes,6.7,89.1,63.0,48.0,55.0,87.0,6.4,32.0,73.5
S0033,Male,High School,Yes,No,3.4,76.2,65.0,59.0,58.0,73.0,7.6,7.0,71.1
S0780,Male,Bachelor,Yes,Yes,4.7,67.9,50.0,62.0,53.0,39.0,7.4,3.0,57.1
S0840,Male,Bachelor,Yes,No,6.5,81.7,66.0,73.0,61.0,54.0,7.8,27.0,68.6
S0201,Male,Bachelor,Yes,No,2.1,95.4,66.0,54.0,79.0,80.0,5.3,25.0,70.9
S0135,Male,Master,Yes,No,4.1,77.2,54.0,47.0,45.0,46.0,6.3,39.0,51.9
S0028,Female,Master,Yes,No,4.1,87.4,66.0,66.0,58.0,62.0,8.2,39.0,65.3
S0948,Male,High School,No,No,2.2,68.3,26.0,53.0,56.0,44.0,6.1,43.0,35.8
S0231,Male,High School,No,No,3.1,74.9,67.0,70.0,55.0,50.0,5.5,19.0,53.8
S0490,Female,Bachelor,Yes,No,4.9,81.1,81.0,74.0,74.0,85.0,7.9,31.0,72.2
S0773,Female,Bachelor,Yes,Yes,2.8,79.5,68.0,63.0,80.0,43.0,5.6,3.0,58.4
S0379,Female,,Yes,Yes,6.2,78.9,78.0,83.0,81.0,62.0,7.2,30.0,71.1
S0289,Female,Bachelor,No,Yes,5.1,82.8,62.0,54.0,62.0,60.0,7.4,34.0,60.1
S0419,Female,PhD,No,No,5.0,79.3,73.0,75.0,75.0,61.0,8.5,19.0,74.9
S0675,Male,High School,Yes,Yes,4.0,85.8,72.0,58.0,74.0,52.0,8.0,38.0,72.1
S0392,Male,Bachelor,Yes,No,8.0,81.6,82.0,72.0,62.0,55.0,7.0,9.0,77.3
S0593,Male,High School,Yes,No,4.4,94.6,89.0,76.0,82.0,73.0,9.3,46.0,87.0
S0499,Male,Bachelor,Yes,No,5.5,71.6,47.0,75.0,43.0,45.0,7.2,15.0,57.3
S0139,Male,High School,Yes,Yes,7.5,91.7,76.0,88.0,74.0,78.0,7.8,41.0,79.3
S0063,Female,High School,Yes,No,3.2,75.9,66.0,52.0,71.0,64.0,6.8,22.0,60.7
S0472,Female,Bachelor,,No,4.7,76.5,56.0,78.0,49.0,68.0,6.0,65.0,62.8
S0648,Female,Master,Yes,No,5.3,89.8,41.0,66.0,46.0,50.0,7.4,17.0,63.1
S0129,Female,High School,Yes,No,2.0,64.7,57.0,70.0,55.0,33.0,5.1,21.0,43.3
S0997,Female,,Yes,Yes,5.8,73.6,70.0,76.0,70.0,70.0,7.8,35.0,69.9
S0521,Male,Bachelor,Yes,No,2.6,81.4,68.0,81.0,64.0,63.0,6.7,38.0,59.9
S0839,Male,High School,Yes,Yes,5.0,87.4,87.0,88.0,78.0,84.0,7.9,31.0,79.5
S0983,Female,High School,Yes,Yes,7.0,78.3,74.0,62.0,54.0,75.0,,29.0,66.4
S0065,Male,High School,No,Yes,2.8,86.7,58.0,89.0,68.0,75.0,6.4,45.0,61.8
S0813,Female,Master,Yes,No,6.8,92.3,51.0,86.0,72.0,64.0,6.6,17.0,70.3
S0015,Male,High School,Yes,No,3.2,76.0,82.0,84.0,74.0,71.0,7.9,43.0,63.5
S0157,Female,Master,Yes,No,,87.7,68.0,61.0,59.0,63.0,5.8,18.0,79.9
S0041,Male,High School,Yes,Yes,4.1,79.4,74.0,78.0,66.0,59.0,7.6,55.0,71.2
S0493,Female,Bachelor,No,No,2.1,67.7,69.0,52.0,64.0,65.0,5.8,34.0,58.3
S0380,Male,High School,Yes,Yes,4.8,94.7,63.0,72.0,56.0,52.0,7.3,68.0,62.4
S0188,Female,Bachelor,Yes,No,9.5,74.2,60.0,60.0,55.0,39.0,8.9,24.0,68.6
S0764,Female,High School,Yes,No,8.3,79.1,66.0,85.0,54.0,61.0,6.5,64.0,66.9
S0217,Female,High School,Yes,No,3.9,75.1,71.0,87.0,73.0,75.0,6.2,12.0,66.6
S0792,Female,High School,Yes,Yes,6.7,73.9,57.0,53.0,56.0,42.0,5.5,32.0,61.0
S0053,Female,Bachelor,Yes,No,4.3,85.5,62.0,31.0,61.0,50.0,6.1,18.0,58.6
S0879,Female,Bachelor,Yes,Yes,6.3,66.5,62.0,69.0,53.0,65.0,8.1,32.0,68.8
S0338,Female,PhD,Yes,Yes,2.3,80.6,80.0,74.0,62.0,69.0,7.8,18.0,69.2
S0749,Male,Bachelor,Yes,Yes,3.4,68.4,62.0,86.0,69.0,46.0,6.7,44.0,55.3
S0720,Female,PhD,Yes,No,7.4,69.1,52.0,68.0,57.0,46.0,5.9,22.0,61.2
S0725,Male,Bachelor,Yes,Yes,2.5,94.2,62.0,54.0,58.0,63.0,7.2,49.0,62.9
S0296,Male,Bachelor,Yes,No,,65.5,75.0,69.0,76.0,62.0,7.2,25.0,73.7
S0702,Male,High School,No,Yes,4.8,86.8,61.0,56.0,58.0,67.0,6.5,33.0,63.5
S0252,Male,High School,Yes,No,,78.3,59.0,71.0,78.0,65.0,7.0,11.0,64.3
S0727,Female,PhD,Yes,No,6.2,78.2,70.0,54.0,80.0,67.0,6.5,19.0,69.5
S0462,Female,,Yes,Yes,2.1,93.8,47.0,61.0,47.0,49.0,7.2,47.0,49.2
S0456,Male,High School,Yes,No,5.6,84.1,66.0,,64.0,58.0,18.9,33.0,61.5
S0281,Female,Bachelor,Yes,Yes,4.3,54.2,67.0,83.0,63.0,74.0,6.4,8.0,60.2
S0816,Male,High School,Yes,Yes,11.7,73.9,59.0,74.0,65.0,65.0,7.8,24.0,78.4
S0863,Male,High School,Yes,No,9.8,74.7,67.0,71.0,50.0,59.0,6.3,30.0,74.3
S0270,Male,Bachelor,Yes,Yes,6.6,77.5,60.0,,53.0,57.0,6.2,21.0,67.7
S0202,Male,Master,Yes,Yes,4.3,62.1,76.0,75.0,69.0,76.0,6.7,8.0,64.9
S0162,Male,High School,Yes,Yes,4.9,84.8,63.0,67.0,59.0,60.0,8.5,38.0,70.7
S0556,Female,Bachelor,No,Yes,5.5,77.0,54.0,67.0,56.0,66.0,9.2,35.0,61.8
S0730,Male,Bachelor,Yes,No,4.0,77.0,53.0,58.0,49.0,44.0,6.8,11.0,50.4
S0402,Male,Bachelor,Yes,Yes,3.0,82.8,73.0,74.0,56.0,60.0,5.9,40.0,59.0
S0703,Male,High School,Yes,No,1.4,61.6,52.0,54.0,61.0,42.0,5.4,22.0,44.6
S0477,Female,High School,No,Yes,3.9,77.5,76.0,62.0,57.0,83.0,7.1,3.0,67.3
S0822,Female,Bachelor,Yes,No,9.6,96.3,73.0,73.0,81.0,92.0,7.6,42.0,83.3
S0772,Female,Bachelor,Yes,No,4.2,88.1,82.0,83.0,72.0,69.0,5.8,57.0,69.4
S0106,Female,Master,Yes,Yes,3.0,70.9,55.0,,65.0,59.0,,31.0,57.7
S0566,Male,Bachelor,No,Yes,4.9,85.7,70.0,95.0,57.0,68.0,9.0,28.0,67.1
S0390,Male,High School,Yes,Yes,2.9,69.5,50.0,62.0,59.0,45.0,7.3,23.0,45.4
S0002,Female,Master,Yes,Yes,5.2,65.0,53.0,78.0,50.0,49.0,8.2,24.0,63.2
S0991,Male,High School,Yes,No,3.3,90.1,73.0,71.0,68.0,64.0,6.0,37.0,58.6
S0741,Female,High School,Yes,Yes,5.6,68.4,74.0,69.0,71.0,70.0,6.3,5.0,69.3
S0562,Female,High School,Yes,No,4.1,83.9,66.0,99.0,63.0,60.0,5.2,42.0,63.6
S0932,Female,Master,Yes,Yes,9.2,79.9,66.0,81.0,91.0,58.0,5.7,2.0,79.3
S0081,Male,High School,Yes,No,5.0,82.4,65.0,61.0,65.0,57.0,7.6,50.0,65.4
S0206,Male,High School,Yes,Yes,0.5,83.8,62.0,88.0,65.0,55.0,5.8,28.0,51.3
S0035,Female,Bachelor,No,Yes,6.6,87.5,63.0,78.0,74.0,84.0,7.4,13.0,72.8
S0776,Male,PhD,No,No,2.2,93.7,76.0,60.0,58.0,62.0,5.3,26.0,65.6
S0509,Female,Master,Yes,No,2.6,,59.0,74.0,50.0,44.0,9.4,53.0,51.6
S0428,Female,Bachelor,Yes,No,5.3,98.8,98.0,78.0,74.0,71.0,5.6,32.0,76.0
S0455,Male,,Yes,No,4.4,94.3,67.0,56.0,79.0,49.0,6.7,46.0,60.4
S0367,Female,High School,No,No,6.1,78.1,60.0,57.0,67.0,55.0,5.9,30.0,54.0
S0092,Male,,Yes,No,4.6,72.3,72.0,74.0,63.0,65.0,7.4,42.0,61.2
S0340,Male,Master,Yes,No,5.9,93.9,75.0,86.0,65.0,78.0,7.8,27.0,81.3
S0898,Male,Bachelor,No,No,5.4,84.8,49.0,57.0,42.0,47.0,7.1,34.0,52.5
S0565,Male,High School,Yes,No,7.9,71.3,82.0,70.0,78.0,85.0,7.6,34.0,82.9
S0346,Male,Bachelor,Yes,No,1.6,70.7,39.0,,52.0,33.0,6.4,38.0,42.2
S0777,Female,High School,No,No,2.1,67.6,59.0,64.0,64.0,67.0,7.9,27.0,62.0
S0242,Male,Bachelor,Yes,No,6.0,79.8,56.0,80.0,75.0,61.0,5.5,57.0,66.6
S0014,Female,High School,Yes,Yes,6.1,96.1,77.0,76.0,79.0,84.0,6.1,11.0,71.9
S0316,Female,High School,Yes,Yes,6.3,62.1,60.0,77.0,73.0,45.0,5.7,7.0,60.8
S0601,Female,Bachelor,Yes,Yes,,97.2,82.0,76.0,87.0,72.0,7.7,41.0,81.2
S0388,Female,Bachelor,,Yes,6.6,86.6,71.0,,67.0,64.0,8.3,13.0,71.9
S0274,Female,Bachelor,Yes,No,8.1,81.5,79.0,,76.0,86.0,8.4,38.0,79.1
S0167,Male,PhD,Yes,Yes,6.4,78.2,73.0,65.0,76.0,66.0,6.8,11.0,70.9
S0841,Male,High School,Yes,Yes,8.7,71.3,89.0,86.0,78.0,75.0,8.1,50.0,80.8
S0637,Female,High School,Yes,No,6.6,85.5,48.0,58.0,75.0,51.0,5.8,22.0,61.2
S0647,Male,PhD,Yes,Yes,5.6,75.0,69.0,88.0,65.0,81.0,7.2,33.0,72.7
S0819,Male,Bachelor,Yes,Yes,3.5,83.5,64.0,74.0,92.0,71.0,6.0,19.0,72.7
S0485,Female,Bachelor,Yes,No,5.2,82.5,59.0,65.0,62.0,53.0,5.5,31.0,50.8
S0522,Male,PhD,Yes,Yes,4.1,59.3,63.0,64.0,46.0,61.0,8.4,36.0,57.4
S0505,Female,Master,Yes,No,,54.7,32.0,45.0,49.0,37.0,4.9,4.0,35.6
S0832,Female,High School,Yes,No,7.2,,89.0,79.0,88.0,76.0,7.3,30.0,79.3
S0244,Male,High School,Yes,No,4.4,69.7,64.0,61.0,51.0,60.0,6.7,28.0,55.8
S0567,Male,High School,Yes,No,6.4,93.7,56.0,56.0,50.0,61.0,9.4,43.0,64.7
S0876,Male,Bachelor,Yes,Yes,3.7,54.4,48.0,44.0,47.0,40.0,6.6,12.0,49.7
S0563,Female,Bachelor,Yes,No,3.7,77.4,66.0,56.0,76.0,69.0,7.6,24.0,68.7
S0973,Male,PhD,Yes,Yes,5.2,68.7,61.0,78.0,71.0,51.0,6.6,39.0,64.1
S0687,Female,Bachelor,Yes,Yes,5.2,73.8,65.0,64.0,45.0,65.0,5.3,25.0,52.2
S0958,Female,High School,No,No,4.9,86.4,78.0,88.0,85.0,84.0,8.2,57.0,78.5
S0190,Female,Bachelor,Yes,No,4.1,100.0,81.0,87.0,86.0,72.0,6.3,31.0,77.6
S0783,Male,Master,Yes,No,5.6,90.9,80.0,71.0,88.0,81.0,6.6,32.0,79.3
S0700,Female,Bachelor,Yes,Yes,3.0,77.7,63.0,61.0,63.0,65.0,5.0,27.0,58.7
S0476,Male,High School,Yes,Yes,6.3,78.8,54.0,74.0,69.0,58.0,8.3,25.0,68.8
S0682,Male,High School,Yes,No,5.5,84.4,79.0,69.0,73.0,66.0,6.0,37.0,75.5
S0511,Male,High School,No,Yes,,58.8,35.0,66.0,51.0,41.0,9.7,38.0,43.7
S0059,Male,Bachelor,Yes,Yes,3.7,69.2,51.0,63.0,43.0,44.0,6.5,38.0,50.7
S0475,Female,Bachelor,Yes,No,8.0,80.9,77.0,81.0,70.0,55.0,6.0,39.0,74.0
S0561,Female,High School,Yes,Yes,4.8,87.9,67.0,63.0,42.0,45.0,9.1,13.0,67.7
S0857,Female,Master,Yes,No,3.7,73.1,79.0,80.0,58.0,69.0,7.7,2.0,71.3
S0748,Female,High School,Yes,No,1.9,59.1,74.0,71.0,65.0,70.0,8.7,50.0,58.8
S0253,Male,Bachelor,Yes,Yes,5.1,80.8,79.0,62.0,78.0,88.0,7.9,31.0,76.0
S0022,Male,PhD,Yes,No,1.8,92.4,56.0,74.0,50.0,75.0,7.3,18.0,59.6
S0314,Male,Bachelor,Yes,Yes,5.0,86.9,73.0,48.0,61.0,49.0,6.6,3.0,62.9
S0460,Female,Bachelor,Yes,Yes,6.1,87.3,57.0,70.0,62.0,62.0,6.5,25.0,66.9
S0161,Female,Bachelor,Yes,Yes,7.3,76.7,67.0,,50.0,47.0,7.6,46.0,70.5
S0277,Male,Bachelor,No,Yes,3.7,80.1,55.0,54.0,62.0,53.0,6.2,20.0,55.7
S0956,Female,PhD,Yes,No,3.6,,84.0,80.0,77.0,60.0,8.4,48.0,73.0
S0192,Female,High School,Yes,No,5.0,85.1,73.0,67.0,61.0,61.0,19.7,10.0,74.7
S0386,Male,Bachelor,No,Yes,8.1,78.5,53.0,72.0,57.0,60.0,5.9,15.0,65.6
S0806,Female,High School,Yes,Yes,4.1,84.0,88.0,,79.0,74.0,6.3,42.0,74.0
S0414,Male,High School,No,No,5.5,96.7,70.0,84.0,80.0,62.0,6.1,44.0,73.3
S0492,Male,Master,Yes,No,5.7,100.0,67.0,64.0,74.0,57.0,,34.0,66.5
S0344,Female,Bachelor,Yes,Yes,4.9,100.0,61.0,72.0,54.0,64.0,7.2,17.0,64.5
S0770,Female,Bachelor,Yes,Yes,6.9,100.0,88.0,84.0,80.0,67.0,6.5,30.0,75.6
S0309,Female,PhD,Yes,No,5.4,93.1,64.0,79.0,73.0,76.0,5.6,34.0,70.4
S0662,Female,High School,Yes,Yes,2.3,76.9,71.0,77.0,72.0,64.0,6.9,22.0,66.5
S0131,Male,Master,Yes,Yes,3.2,100.0,49.0,62.0,70.0,57.0,8.2,43.0,66.2
S0664,Male,High School,Yes,Yes,5.7,82.5,64.0,55.0,57.0,66.0,6.4,36.0,69.4
S0872,Female,Bachelor,Yes,No,6.2,72.8,51.0,70.0,59.0,41.0,7.5,24.0,67.5
S0100,Female,PhD,Yes,No,6.1,69.0,54.0,61.0,62.0,56.0,8.3,36.0,69.6
S0373,Male,High School,Yes,No,7.6,94.3,78.0,61.0,68.0,53.0,6.3,26.0,72.3
S0088,Female,Master,Yes,No,4.4,87.4,68.0,74.0,65.0,63.0,5.6,36.0,65.0
S0459,Male,High School,Yes,Yes,7.6,79.6,75.0,78.0,62.0,58.0,8.7,62.0,81.6
S0331,Male,Master,Yes,Yes,11.9,92.7,77.0,70.0,76.0,48.0,7.1,18.0,82.5
S0215,Female,Bachelor,Yes,Yes,3.1,60.5,62.0,80.0,59.0,49.0,8.7,37.0,56.6
S0467,Male,Bachelor,Yes,Yes,7.3,93.6,54.0,76.0,72.0,59.0,6.7,31.0,68.8
S0122,Male,High School,Yes,Yes,3.8,85.9,65.0,72.0,63.0,88.0,7.3,25.0,69.6
S0615,Female,High School,Yes,Yes,7.1,75.4,58.0,69.0,56.0,40.0,6.8,29.0,58.6
S0021,Female,Master,Yes,No,4.4,71.2,65.0,58.0,58.0,58.0,6.0,17.0,56.6
S0701,Female,Master,Yes,Yes,5.9,87.1,77.0,75.0,66.0,71.0,5.2,23.0,75.4
S0072,Female,,Yes,Yes,1.5,64.5,73.0,58.0,49.0,41.0,6.2,29.0,57.6
S0107,Male,High School,Yes,Yes,4.8,55.4,48.0,68.0,73.0,59.0,6.8,14.0,57.6
S0271,Male,Bachelor,Yes,Yes,3.4,86.7,70.0,63.0,49.0,68.0,5.8,54.0,64.6
S0861,Male,PhD,No,Yes,,88.5,49.0,80.0,58.0,61.0,5.1,42.0,50.7
S0436,Male,High School,,No,2.7,74.4,55.0,65.0,70.0,39.0,7.9,45.0,61.3
S0103,Female,Master,Yes,Yes,1.7,79.7,72.0,83.0,63.0,41.0,4.5,39.0,57.5
